val	lat	lng
61000	-16.934184	145.994075
57040	-29.320772	153.271074
56640	-33.820797	149.474401
52835	-26.153831	152.616943
52115	-32.685033	149.602925
51765	-23.279639	150.885772
46870	-28.706486	153.25943
45295	-32.760486	150.972137
41440	-34.863483	150.61644
39825	-37.482132	143.662387
38060	-27.627661	151.94182
36485	-32.24224	148.657282
34910	-33.233929	149.116263
34190	-35.07459	147.376202
33550	-36.737758	149.699222
32390	-31.973082	151.865806
31210	-24.88776	152.297855
29745	-27.480898	152.725408
29400	-21.33763	149.059737
28435	-31.899311	152.503209
27310	-25.640978	152.791302
26685	-34.726283	149.729215
26285	-27.576308	151.852689
26245	-28.38059	153.31648
25800	-30.375791	153.019648
25345	-28.259764	152.055174
25285	-28.440886	115.004595
25145	-35.156446	136.456454
24990	-36.68892	146.482439
24610	-33.310653	150.356874
24380	-36.881534	141.940832
24345	-23.074563	150.894331
23785	-28.056979	152.975131
23335	-16.230854	145.299094
23040	-36.78137	144.457937
22920	-34.905438	117.863286
22895	-33.208801	151.377213
22745	-25.07645	151.78942
22635	-42.544215	146.45502
22310	-31.927892	146.615174
22195	-41.456389	145.503726
22060	-35.811358	137.541715
21990	-28.499375	152.88504
21495	-36.027154	147.880991
20930	-32.741737	151.543675
20755	-41.710417	146.165998
20480	-30.459807	152.840266
20450	-35.628428	149.752107
20270	-35.317402	149.257101
20260	-20.808597	149.271699
20035	-21.017327	137.432341
19815	-25.571054	151.644182
19625	-37.927953	140.719634
19525	-18.552533	146.49572
19305	-29.630052	151.162025
19270	-36.177296	149.129166
19160	-31.387394	152.466916
18945	-34.595027	150.410978
18830	-33.728945	115.302732
18720	-34.196526	149.254163
18575	-28.92786	152.749759
18535	-18.020178	145.842063
18445	-25.337998	152.78368
18355	-42.304288	146.958381
17950	-34.042913	150.525292
17860	-24.860668	150.975499
17750	-23.446826	151.917285
17725	-30.115913	151.673028
17650	-36.988914	142.7154
17550	-35.767974	143.769445
17020	-31.333592	151.138322
16990	-37.978862	146.342932
16905	-31.770375	152.292395
16660	-19.787858	146.791529
16475	-17.520343	145.888782
16465	-27.98728	152.523366
16360	-35.671272	150.125945
16315	-37.670456	147.561112
15945	-31.725436	152.747152
15540	-38.209584	143.244766
15510	-28.121399	152.600598
15500	-37.171788	144.544716
15490	-16.923761	145.742303
15295	-37.758248	143.637463
15255	-20.465423	148.516317
15225	-41.465311	146.193428
15090	-35.379935	148.383619
15070	-32.708935	150.059088
14895	-32.977861	151.317476
14875	-33.325373	151.189243
14855	-27.656074	152.224616
14695	-9.584901	143.769211
14650	-38.181608	144.427419
14620	-26.73282	148.690231
14590	-30.329085	152.621062
14560	-32.623108	152.332617
14550	-37.287848	144.170995
14530	-27.957654	151.103872
14525	-36.688551	143.230699
14520	-34.487779	147.583811
14310	-43.571087	146.524064
14275	-34.312823	116.402179
13885	-21.145063	116.349933
13830	-30.493397	151.906153
13785	-32.672797	134.37909
13590	-37.021478	143.611335
13580	-33.476768	147.811688
13555	-37.571941	143.864505
13510	-34.867709	139.497207
13490	-34.06024	150.153221
13480	-27.663074	151.550271
13375	-25.765416	151.105529
13295	-41.08422	145.862079
13200	-35.348388	143.336906
13185	-36.2835	143.364316
13115	-38.631942	146.815723
13105	-29.36691	153.104789
13075	-31.896269	116.742895
13050	-35.227753	147.923797
12780	-26.635087	152.917384
12660	-32.196739	152.454216
12645	-36.25486	150.225372
12645	-26.576904	151.522575
12590	-35.053523	148.102866
12315	-36.669929	146.062514
12295	-32.553282	148.989227
12295	-28.802491	114.862505
12235	-36.792946	140.496496
12230	-19.914965	147.133033
12190	-39.830946	144.159775
12090	-34.762116	150.678303
12055	-30.205908	145.251371
12010	-31.934883	147.30573
11950	-29.083319	151.999661
11920	-43.077586	147.958441
11895	-31.640292	116.681727
11875	-34.194216	150.768408
11825	-30.40364	122.683881
11760	-36.957983	144.05651
11670	-34.764484	149.286631
11660	-27.627522	152.753696
11640	-30.170441	142.203381
11620	-33.401152	122.211127
11585	-40.782341	145.057623
11460	-37.919937	145.945214
11380	-25.189298	152.300968
11360	-36.554037	146.82759
11355	-38.178237	142.952372
11340	-36.764269	144.285267
11280	-31.838398	116.0261
11275	-26.659559	152.010432
11265	-31.966754	151.080412
11230	-23.354937	150.557538
11165	-34.58378	138.705675
11130	-33.305478	150.918639
11120	-37.020122	149.220453
11105	-33.802932	138.582681
11105	-33.035496	148.16819
11030	-26.112408	151.870256
11000	-27.733991	153.204523
10990	-35.097045	139.475946
10965	-41.237355	146.239406
10950	-34.347195	150.342214
10935	-33.032688	119.098339
10855	-38.460127	145.995174
10805	-41.148031	146.99252
10755	-24.734545	115.15198
10720	-28.461128	153.494236
10680	-37.39051	148.660943
10635	-41.158791	147.502082
10595	-30.097726	152.658268
10455	-28.865483	153.532475
10415	-26.828067	153.088435
10340	-32.084784	115.798722
10320	-38.535802	142.908911
10235	-33.482209	151.401999
10220	-31.145898	151.762627
10215	-32.364861	152.270901
10195	-36.428694	145.526693
10185	-33.205773	138.080191
10175	-32.557981	115.728286
10120	-17.090606	124.591962
10090	-35.357619	144.984378
10075	-37.231524	142.956916
10070	-36.656422	144.178282
10025	-34.321422	145.914625
10005	-33.106675	151.533807
10000	-26.87578	152.503797
9985	-36.409113	148.232341
9970	-33.466271	150.88744
9950	-38.182084	141.952156
9950	-27.322775	152.814527
9935	-34.912078	138.696113
9935	-32.239696	151.685456
9925	-26.91784	152.760081
9865	-37.457785	143.343429
9835	-20.428447	146.275575
9820	-27.418572	152.438771
9780	-36.056449	146.470638
9775	-38.388291	143.557159
9770	-41.432254	147.077589
9765	-25.535828	152.042802
9705	-37.449179	140.260783
9690	-34.862038	148.796477
9670	-29.736171	151.869397
9555	-37.408371	141.687516
9550	-24.393618	150.458694
9455	-30.77067	152.751629
9390	-31.551822	145.406579
9305	-37.606088	145.513804
9300	-37.651463	144.239102
9300	-36.31227	142.968057
9265	-36.404324	148.833511
9230	-35.248539	138.975861
9195	-27.070177	152.960273
9175	-35.322291	148.784415
9170	-27.572999	152.060385
9165	-35.939649	149.912199
9145	-34.577328	139.326979
9070	-35.091002	138.757945
9055	-37.566489	149.217216
9025	-37.330661	144.548846
9025	-34.900496	138.642172
8995	-31.505932	150.372784
8965	-32.14622	151.102917
8965	-27.316799	150.910979
8960	-27.803453	152.472702
8955	-37.267687	149.792364
8935	-27.307845	152.939438
8915	-37.78272	144.770641
8900	-24.675045	149.615027
8885	-22.141251	117.057776
8865	-38.482182	145.231974
8835	-30.361305	119.311267
8810	-33.019117	151.57181
8770	-27.089517	152.321536
8750	-29.327323	115.098073
8740	-41.567876	147.488412
8685	-32.248568	150.701949
8680	-34.548722	150.855135
8650	-38.118855	142.034141
8640	-43.00658	147.256698
8635	-35.215386	149.029308
8605	-35.405064	147.64961
8600	-37.334655	143.907186
8600	-33.455088	139.732545
8580	-35.521405	139.236567
8575	-36.953196	149.851694
8565	-33.647362	117.738912
8525	-28.215215	153.479217
8520	-32.282716	133.582274
8500	-34.105205	137.598449
8465	-36.016196	147.026549
8415	-34.823141	137.544605
8275	-36.786777	145.565512
8265	-37.291807	148.118511
8260	-38.597018	145.955341
8260	-33.315827	151.519708
8255	-35.809462	144.184089
8245	-35.776209	148.041339
8220	-36.625333	145.708668
8210	-35.302911	149.201072
8200	-34.902512	117.158861
8185	-38.245215	146.424457
8180	-34.152477	139.12488
8165	-29.829194	153.187047
8080	-31.735174	151.029159
8060	-34.378631	148.797264
8035	-19.227783	146.764659
8015	-33.483614	150.601824
8010	-18.028128	145.157257
8000	-35.572164	138.324567
7995	-34.940962	138.66029
7985	-32.57693	150.564817
7975	-30.599071	121.446478
7950	-36.168997	144.728806
7930	-29.36625	151.814675
7910	-35.109083	139.273641
7895	-34.362864	118.657118
7860	-41.210495	146.57356
7855	-36.474937	143.586215
7795	-42.31694	147.48727
7760	-20.80796	143.164223
7755	-33.783171	116.506912
7720	-31.951084	117.406271
7695	-29.818331	139.666239
7690	-32.3438	151.522527
7680	-36.074144	141.538074
7675	-33.466819	141.90794
7670	-33.928392	150.921448
7635	-33.756443	150.810246
7610	-42.314526	148.281407
7605	-33.410436	115.828921
7580	-33.341076	115.649205
7545	-41.319891	146.835317
7515	-32.108961	116.208263
7500	-32.660186	151.683702
7490	-36.565078	146.266835
7490	-23.180174	150.958111
7475	-33.634816	151.323289
7475	-31.298962	148.581142
7455	-34.902108	146.303599
7445	-19.23794	146.540275
7420	-18.773365	122.753792
7405	-31.237406	115.82111
7380	-33.755476	150.678551
7370	-33.019715	151.663175
7365	-38.312647	145.563979
7345	-33.35257	116.204886
7320	-33.520358	151.374403
7285	-28.664595	151.675437
7260	-29.474921	149.462148
7255	-28.418047	145.596265
7250	-32.07687	147.838499
7235	-33.813104	150.957425
7220	-37.241401	145.111854
7185	-32.212021	138.883978
7155	-33.969624	151.237844
7150	-37.000261	143.126344
7150	-33.859953	151.256649
7115	-26.734305	152.766898
7110	-32.80605	117.626013
7110	-27.965214	151.948279
7100	-28.547307	153.432398
7095	-30.073663	153.143409
7085	-32.39502	123.744186
7070	-31.373201	147.785831
7035	-36.667303	141.89695
6990	-32.983963	151.707801
6975	-33.94707	139.975421
6975	-27.832196	114.852437
6965	-34.645377	150.756883
6965	-29.018999	153.243213
6940	-21.754127	148.569564
6925	-26.26117	151.823079
6920	-34.423171	150.874294
6915	-37.066169	147.464799
6900	-36.247446	145.704042
6850	-32.819819	151.65415
6840	-31.6402	151.964845
6825	-33.902869	148.054607
6800	-34.313241	146.841533
6775	-32.757616	151.607554
6755	-39.140761	146.360412
6750	-38.578071	145.630713
6735	-31.046117	150.199154
6720	-33.131383	118.510341
6715	-25.382928	149.547307
6690	-19.285821	146.754745
6685	-36.093534	140.348707
6670	-27.064207	151.433657
6660	-33.722323	150.739398
6645	-34.489867	146.373471
6630	-35.384557	142.839304
6630	-28.035453	153.241258
6595	-27.256065	152.482636
6590	-36.361056	146.725705
6580	-32.176607	116.76028
6570	-37.035925	145.257867
6530	-25.55725	148.589834
6515	-35.803421	137.924659
6500	-33.79419	151.130233
6475	-27.399573	152.98725
6460	-34.891417	138.617673
6445	-34.231083	148.10732
6435	-36.483116	143.886832
6415	-37.873557	145.049328
6405	-33.814887	146.667476
6400	-32.223657	115.835308
6380	-37.125338	144.21419
6380	-34.16715	150.622493
6380	-33.036339	137.277293
6370	-28.341631	150.967836
6370	-27.68768	152.396656
6360	-28.111411	153.134987
6305	-32.579015	116.665242
6300	-37.196938	143.635622
6295	-35.045389	138.52272
6270	-28.907675	153.427314
6240	-28.985892	114.815184
6220	-35.4698	149.484038
6220	-27.373947	153.084784
6200	-28.259143	152.822971
6195	-33.100172	136.318517
6180	-36.638769	147.476819
6170	-38.17277	144.389533
6155	-35.275863	149.113796
6145	-34.595073	138.547998
6125	-41.284242	148.076401
6120	-34.933478	147.716767
6065	-41.13407	147.198018
6065	-37.75803	144.086089
6065	-34.592433	150.84584
6060	-30.281899	150.523163
6030	-31.936389	115.808169
6020	-33.818641	151.160912
6005	-27.18463	152.008635
6000	-42.62988	148.091696
5995	-36.257725	142.387341
5980	-33.285097	151.556223
5970	-38.290199	142.058916
5970	-33.656811	138.191161
5965	-32.280785	149.45909
5955	-19.310498	146.652307
5935	-37.435507	140.852283
5925	-32.630616	115.847592
5920	-29.139369	115.485567
5905	-37.597551	147.228456
5900	-34.937459	138.608637
5880	-34.438738	115.860627
5870	-17.815378	146.010914
5860	-20.016612	148.457987
5850	-27.543316	153.088155
5835	-35.773247	147.391271
5830	-26.742043	153.119478
5825	-27.169774	152.786172
5815	-41.269708	145.931776
5810	-32.948567	151.71008
5805	-35.945353	145.632682
5785	-31.439614	152.87253
5775	-34.055304	115.626518
5770	-34.618289	117.781468
5760	-41.100305	145.607556
5750	-30.701145	116.090272
5745	-33.604022	150.646053
5745	-31.69444	115.845329
5730	-35.248071	149.148147
5730	-30.804675	116.396304
5720	-35.901765	142.890804
5700	-34.922605	138.654999
5685	-35.28775	138.555169
5680	-31.63315	148.648353
5670	-32.740876	148.561505
5660	-37.527142	140.616636
5655	-24.688503	151.872531
5645	-30.413331	149.767538
5635	-33.928029	137.756193
5635	-24.318471	151.727736
5620	-28.777563	151.24801
5615	-37.041215	145.608491
5595	-33.957725	151.052257
5595	-27.605551	152.967822
5560	-32.892577	151.65807
5555	-41.015197	148.026137
5550	-36.044097	148.094043
5540	-33.676424	138.39411
5515	-26.630369	152.761131
5510	-30.604667	152.956681
5500	-27.554082	152.921521
5490	-31.161835	118.107061
5490	-30.540297	151.297519
5485	-34.583539	150.754592
5465	-27.502784	152.898911
5465	-23.329938	140.22124
5460	-34.080278	138.883459
5435	-37.840867	145.068191
5415	-33.763976	150.780073
5400	-30.261439	117.789878
5400	-20.79424	144.218437
5390	-38.215906	144.334005
5375	-17.095516	145.782765
5355	-38.679417	143.671777
5350	-37.787135	144.394442
5335	-37.829347	146.077886
5335	-34.257669	144.695233
5330	-24.889395	146.399409
5325	-36.529386	149.306729
5325	-35.89277	143.45008
5315	-34.538013	139.652642
5295	-27.620656	152.80457
5285	-20.407853	118.606673
5280	-34.549295	138.939049
5255	-27.682273	152.884999
5255	-19.286635	146.787716
5245	-26.612359	153.079239
5245	-26.516942	153.068303
5225	-34.627126	140.050653
5210	-33.194457	138.643794
5210	-32.131993	115.854584
5205	-33.185465	118.086163
5205	-29.021683	116.120459
5205	-27.526966	153.053952
5200	-34.010094	139.530277
5200	-27.805498	153.392892
5155	-38.007024	145.104105
5145	-36.864952	143.657638
5140	-35.061705	138.603897
5135	-36.079335	143.744455
5135	-14.962686	128.397192
5125	-33.286272	117.342795
5115	-38.42207	146.158866
5115	-33.748914	151.279999
5100	-42.877588	147.385681
5100	-35.449887	140.030554
5100	-35.356021	146.767674
5080	-33.532315	117.384564
5075	-32.281957	115.75773
5070	-36.962316	147.063163
5070	-36.837461	144.768359
5055	-35.143492	138.633118
5050	-30.766245	148.261265
5045	-17.384187	145.624143
5030	-28.27973	153.548588
5020	-33.538228	116.85396
5020	-32.803533	117.120895
5015	-27.839347	153.419405
5010	-31.654722	152.652155
5005	-33.007264	148.904531
5000	-32.360111	134.539431
5000	-30.529366	152.96348
4990	-34.093213	151.136596
4990	-33.915939	150.875345
4980	-33.766409	151.257781
4975	-43.262123	147.03435
4975	-31.622021	116.072828
4960	-37.567684	149.538907
4955	-36.577628	145.229349
4945	-31.763347	115.756405
4940	-34.095314	138.444457
4935	-39.949379	148.329247
4935	-26.995752	149.798038
4930	-36.464118	145.145217
4930	-32.965877	148.611239
4920	-33.941351	115.280972
4920	-26.360226	150.638563
4915	-34.721845	140.811093
4890	-34.793169	138.629463
4885	-33.950853	137.610828
4880	-32.805438	116.413369
4865	-38.10718	145.669112
4840	-34.907597	138.623527
4835	-34.957195	138.60648
4815	-34.952075	138.575187
4810	-32.979123	117.306862
4805	-34.718681	138.754254
4805	-34.485635	140.63513
4795	-34.856239	138.612959
4785	-38.049195	144.194625
4785	-27.467217	134.430044
4780	-30.874243	116.725982
4770	-38.157038	144.34652
4770	-26.156837	153.042307
4755	-38.407094	143.133721
4710	-33.79315	151.258069
4705	-37.821756	146.576101
4690	-16.789777	145.666474
4685	-34.711848	150.13033
4660	-33.769107	138.12018
4650	-31.605825	117.020194
4635	-43.291937	147.140014
4625	-34.702506	138.674449
4615	-35.566153	138.627975
4600	-41.177924	146.783947
4600	-33.866044	151.133865
4580	-38.316869	146.607101
4575	-36.70633	143.51213
4575	-23.642723	146.840497
4565	-41.264912	147.086396
4565	-20.271072	148.989038
4560	-33.012446	138.239719
4555	-34.021938	151.004412
4550	-28.546257	152.388341
4545	-26.771797	153.017962
4535	-37.025316	141.269571
4530	-37.823303	145.001788
4530	-31.735738	150.603274
4525	-36.575936	145.019312
4525	-32.73576	137.703073
4515	-37.784786	145.161649
4490	-26.279772	151.338904
4485	-37.743361	144.796693
4480	-34.055155	150.756493
4470	-42.947314	147.334695
4470	-36.570077	144.805307
4470	-34.343393	139.525937
4465	-34.739425	150.800637
4465	-34.303007	138.930335
4455	-33.530464	136.860876
4450	-32.785207	151.453148
4450	-31.835333	115.849098
4445	-38.47372	145.798419
4435	-28.037627	153.41692
4430	-32.97338	138.771209
4430	-25.350178	150.778657
4425	-38.162578	145.135961
4425	-32.723142	118.288784
4420	-31.971647	115.77639
4415	-30.748419	118.448501
4405	-37.546522	144.942199
4400	-37.610841	148.873952
4380	-25.639378	118.554936
4375	-27.33128	151.480666
4365	-35.020412	138.791651
4350	-37.286611	145.435776
4350	-34.18289	138.775266
4345	-38.60357	146.359804
4345	-27.473135	151.703647
4340	-33.089963	151.668857
4330	-37.571707	146.805175
4320	-32.008509	115.870058
4320	-28.36456	152.49765
4315	-28.008783	153.412197
4315	-19.53085	147.139821
4310	-27.348199	149.070172
4310	-25.266279	152.568678
4290	-33.682661	115.888662
4285	-36.780524	140.904543
4285	-26.35256	151.741338
4275	-31.583037	152.820899
4275	-30.427329	149.001543
4275	-26.627339	150.205114
4270	-33.578188	138.003325
4270	-28.709545	153.514963
4265	-35.510039	148.034012
4265	-31.193339	149.263874
4250	-25.557047	152.280868
4240	-37.896497	145.057237
4240	-34.86475	138.509247
4235	-33.564872	115.923933
4205	-32.269414	147.260419
4185	-37.573978	142.312764
4185	-34.272303	137.956861
4180	-30.27368	116.060619
4155	-29.871532	150.49786
4150	-21.188063	148.832763
4135	-35.450839	138.388132
4130	-36.740713	145.095753
4130	-26.505863	152.803089
4110	-33.990448	119.237195
4110	-26.655067	153.075373
4105	-33.539148	151.084146
4100	-36.777226	144.245239
4080	-19.323109	146.840325
4070	-38.224191	147.106181
4060	-38.026314	143.520934
4060	-37.814506	145.532666
4060	-37.420588	143.88637
4060	-36.224186	145.440315
4060	-32.642118	151.319414
4060	-32.584028	148.266655
4055	-20.867952	147.518462
4040	-38.043542	145.787991
4030	-37.210538	145.687889
4025	-37.74247	145.005702
4020	-23.790711	143.402522
4015	-38.685115	146.278804
4015	-35.387709	138.655684
4005	-17.741424	145.924432
3995	-33.340269	148.731814
3990	-33.409359	135.02078
3990	-31.484853	116.38064
3985	-34.884233	138.669275
3980	-33.885153	117.065276
3975	-26.700379	153.049784
3975	-19.143944	146.831766
3970	-12.533944	142.267938
3965	-36.055725	144.159028
3960	-34.808422	138.531567
3960	-34.669486	138.681702
3955	-36.61323	139.937126
3955	-33.783955	148.90873
3945	-37.263736	144.900644
3945	-34.027283	150.842258
3945	-33.832923	150.435639
3945	-20.777471	140.652531
3940	-37.763584	144.942222
3940	-33.858378	151.275977
3940	-33.85749	151.103751
3935	-33.60382	151.322759
3930	-35.257315	149.049796
3930	-34.766049	142.820973
3915	-32.951039	151.742882
3905	-38.016114	145.208504
3905	-35.491206	138.834806
3900	-31.842527	115.980754
3895	-35.225102	147.047366
3890	-35.004063	138.602387
3890	-16.839378	145.711531
3880	-17.33327	145.476659
3875	-35.332477	142.425302
3875	-32.708545	134.790236
3860	-33.462193	149.158755
3850	-20.710799	118.441716
3845	-27.022484	152.858311
3845	-21.43004	149.178072
3840	-36.321109	144.709543
3840	-36.051782	145.974755
3840	-34.176844	140.782026
3835	-19.372329	146.707586
3825	-34.919086	118.462801
3825	-27.248337	153.088498
3810	-28.660756	153.592843
3800	-33.974354	151.140345
3780	-37.86172	144.812736
3775	-38.42776	144.900413
3765	-11.33852	142.465399
3760	-31.266649	116.779032
3750	-36.586316	148.037958
3745	-41.600719	147.897402
3745	-33.839863	151.204557
3740	-35.487989	143.14445
3740	-33.663002	150.860258
3730	-33.832747	151.015196
3725	-38.263005	144.174411
3725	-27.676499	153.384655
3725	-23.66268	150.394906
3720	-38.389835	142.660221
3720	-36.142596	145.30827
3715	-27.563685	150.961981
3710	-27.612178	153.009526
3705	-34.761553	138.61884
3700	-34.841984	138.553453
3700	-27.568178	153.207096
3685	-37.867809	145.786343
3685	-37.083561	144.053611
3675	-34.771432	138.663871
3670	-35.035729	138.947189
3670	-34.806494	138.498128
3670	-33.797127	151.04218
3670	-33.731651	150.955942
3660	-38.207298	145.575
3655	-33.42537	151.436939
3650	-33.783751	150.900547
3645	-29.620234	150.787333
3635	-38.311513	143.584742
3635	-34.990592	150.450994
3630	-33.533055	150.317795
3625	-33.401829	138.165325
3610	-35.110123	138.50172
3605	-34.770931	143.387009
3595	-37.739901	144.964524
3595	-32.702065	116.128249
3590	-37.828866	145.122393
3590	-36.36819	144.206865
3590	-34.638218	138.897802
3590	-33.964102	150.997836
3590	-27.967134	153.397952
3585	-24.999569	150.213774
3560	-37.864951	145.221695
3560	-35.76294	145.434084
3560	-29.156771	153.303855
3550	-34.525612	150.503502
3540	-34.911674	142.206711
3540	-34.505411	150.766132
3530	-26.425754	152.909206
3520	-27.552135	152.975619
3520	-26.531487	152.964814
3515	-33.996587	151.132495
3515	-33.955393	151.148204
3510	-36.189376	140.788199
3510	-28.110523	146.990784
3505	-37.935097	145.350821
3505	-33.965473	139.140266
3500	-38.364034	143.82588
3500	-32.880319	151.73862
3470	-34.353109	139.240946
3470	-18.705507	127.320764
3465	-38.307545	144.299978
3450	-38.036038	141.963223
3450	-34.887511	138.559407
3450	-33.800881	151.202715
3440	-32.933305	151.651095
3430	-35.336413	149.147614
3425	-38.135009	145.384606
3415	-36.380853	145.403176
3410	-26.75002	149.381938
3405	-36.332254	145.960209
3405	-34.681077	138.616157
3400	-42.719274	147.315111
3400	-41.303174	146.072407
3400	-38.37884	142.482889
3400	-33.914832	151.239167
3400	-27.569679	115.72384
3395	-33.892738	150.92937
3395	-31.985791	115.804692
3380	-30.62816	152.737629
3375	-38.166213	146.772991
3375	-34.705292	139.084565
3375	-33.531714	138.604466
3375	-30.820157	125.672818
3370	-42.85132	147.449794
3370	-35.55097	140.732182
3370	-34.850669	140.114394
3370	-34.114626	151.027919
3370	-33.83319	116.972036
3365	-35.147923	138.552209
3365	-34.300293	150.9299
3340	-32.844998	146.085138
3335	-18.752827	125.282055
3320	-30.613981	117.440487
3315	-37.938889	145.007238
3310	-32.061682	115.833608
3310	-27.767029	153.27631
3305	-33.898505	148.664838
3300	-34.373654	150.886721
3295	-38.196908	145.169556
3295	-33.892944	151.087741
3285	-31.498123	143.270562
3275	-33.928235	118.596801
3260	-42.823649	147.630737
3250	-36.873961	141.051389
3250	-32.338504	115.763949
3245	-37.811738	145.074116
3230	-27.470778	153.074231
3225	-34.096397	117.717905
3225	-26.055099	152.221081
3220	-35.431011	149.110025
3220	-33.152294	135.740152
3220	-32.746224	152.193698
3215	-36.284584	145.082735
3215	-34.706106	116.141244
3210	-37.727566	145.818512
3210	-26.40373	149.206489
3205	-32.833204	135.02092
3205	-32.03954	115.800233
3195	-38.313447	145.811863
3195	-33.742006	150.84746
3195	-27.7283	151.859857
3190	-37.821921	147.970237
3190	-31.901801	115.942572
3190	-27.399335	153.05355
3185	-31.692538	115.772138
3185	-30.348514	115.640925
3180	-34.956227	138.58811
3180	-34.839937	138.882403
3180	-26.904889	114.627287
3175	-33.926559	151.014937
3160	-38.194379	145.989901
3150	-33.482123	151.331154
3145	-38.435217	145.812945
3145	-37.790974	144.98622
3145	-33.948744	151.119517
3140	-34.864409	138.581605
3140	-33.873599	151.221626
3130	-36.68753	147.17925
3130	-32.953236	151.621183
3130	-24.729644	152.088816
3125	-42.793393	147.230065
3125	-34.052334	116.166583
3125	-28.050522	151.841358
3120	-33.829953	151.124488
3120	-33.739577	151.297895
3115	-35.669947	139.275737
3110	-37.770012	144.97728
3110	-34.171024	115.233622
3110	-27.535216	153.26571
3105	-29.198493	151.141751
3095	-38.046479	145.122762
3095	-28.199024	152.234242
3085	-27.425651	153.232567
3070	-34.957399	138.545826
3065	-27.534438	153.018893
3065	-27.003199	117.674648
3060	-28.228906	150.321016
3055	-35.757569	146.324523
3055	-33.209125	151.528042
3050	-27.932207	153.279483
3045	-31.379673	115.568551
3045	-27.68195	149.709428
3045	-27.385605	153.019449
3040	-25.912724	121.214907
3035	-34.51494	137.811541
3030	-37.744406	145.082685
3030	-34.180532	142.004192
3030	-31.83489	115.803068
3020	-34.2583	136.154091
3020	-34.061253	137.862942
3010	-37.795937	144.793961
3010	-26.408596	153.096957
3005	-34.507413	138.560286
3005	-32.820688	151.486212
3005	-27.669913	153.136072
2995	-29.958521	147.983033
2990	-37.681105	144.930247
2990	-27.512175	153.028768
2985	-41.358817	147.357686
2980	-19.862878	147.416856
2975	-27.541838	114.379678
2965	-35.351693	149.092601
2960	-37.469784	145.182221
2960	-34.04948	147.712064
2955	-37.877452	143.185911
2945	-37.888549	142.98753
2940	-27.631116	145.892163
2930	-41.472435	147.157786
2930	-27.506907	152.976926
2910	-41.828496	147.781593
2905	-34.938664	138.946384
2905	-34.443966	139.007886
2905	-33.872483	151.044768
2905	-27.967005	153.365576
2900	-37.932419	144.754147
2900	-33.844406	116.072643
2900	-17.956336	138.862024
2895	-42.85913	147.212366
2895	-35.084001	138.519781
2890	-35.050773	137.56046
2890	-34.873844	138.703683
2885	-33.872014	150.88526
2885	-33.397741	138.893337
2880	-37.965655	145.0623
2880	-37.261481	143.379493
2880	-33.525322	151.194452
2875	-27.393676	152.92424
2870	-37.530285	143.82561
2870	-26.168944	125.733157
2860	-26.145002	152.012412
2855	-27.318074	153.047339
2850	-37.424116	144.33471
2850	-31.733717	115.747655
2850	-27.57925	153.057452
2845	-37.501619	144.513018
2845	-37.379331	147.887515
2845	-34.998401	138.703957
2835	-37.731138	144.936356
2835	-33.828361	151.192212
2830	-26.849388	152.91803
2825	-34.668553	138.507899
2820	-38.528213	145.379683
2820	-37.944608	145.156783
2820	-37.574691	140.462487
2815	-38.514438	146.836248
2815	-38.235475	141.437227
2815	-33.459192	145.479249
2810	-32.823221	144.495401
2805	-31.109943	138.641084
2795	-32.417598	152.002451
2790	-27.794456	152.03681
2785	-29.409325	150.222662
2770	-33.071806	150.118609
2770	-32.242313	138.468686
2760	-43.158652	147.209628
2760	-37.79119	144.923403
2760	-33.89037	151.17598
2755	-38.521903	143.712384
2755	-33.375562	148.375577
2755	-30.72155	115.718713
2750	-38.569135	145.534315
2750	-37.110344	145.07088
2750	-32.061501	115.890779
2745	-36.174271	146.428656
2745	-30.912266	116.252618
2735	-38.550379	145.937973
2735	-33.900649	151.175354
2735	-33.571335	149.267666
2735	-32.422646	118.351936
2735	-27.701681	152.967761
2735	-21.622237	149.267446
2730	-37.41233	144.956641
2730	-34.938858	138.558451
2730	-33.539564	148.633991
2720	-37.921894	145.3892
2720	-34.768863	145.807866
2715	-38.263811	144.523761
2715	-38.096289	145.867337
2715	-37.837165	144.705831
2715	-36.17028	142.766588
2700	-33.731523	150.931074
2695	-33.125751	138.319834
2690	-34.514149	137.508603
2690	-33.728782	151.211719
2680	-38.204448	145.356937
2680	-36.093878	145.479471
2680	-31.852698	115.765396
2680	-31.79583	115.754405
2680	-27.559944	152.871141
2675	-38.04658	145.472514
2665	-35.206107	138.727179
2665	-34.321288	140.556181
2660	-37.752643	143.373089
2660	-36.904185	142.647565
2660	-36.127663	149.792292
2660	-32.078535	116.008603
2655	-33.815482	151.294675
2655	-28.645485	148.753584
2645	-35.89718	145.428306
2635	-35.060163	142.850456
2635	-33.930089	151.057799
2625	-22.771751	149.719215
2615	-42.922863	147.319501
2615	-34.35558	150.709623
2615	-33.24358	146.40002
2610	-34.553306	141.388479
2610	-33.642202	151.278293
2605	-42.878355	147.308002
2605	-41.594913	146.815084
2605	-38.734636	146.066529
2605	-37.812017	147.764385
2605	-37.656057	144.571458
2600	-34.86303	138.541637
2600	-26.313995	152.876607
2595	-36.150678	146.919493
2595	-34.093038	138.243785
2595	-31.184717	117.381055
2590	-37.938471	145.487862
2585	-33.880049	151.101757
2580	-35.093257	138.881803
2575	-25.111289	115.011494
2565	-36.51553	144.638363
2565	-34.243279	142.100896
2565	-33.732671	150.62902
2565	-28.612449	118.157573
2560	-36.844307	147.299257
2560	-36.082665	145.688671
2560	-33.690331	151.040358
2555	-27.723837	153.102664
2550	-37.916956	145.036783
2550	-35.003794	138.535434
2550	-27.42687	153.029681
2545	-33.814463	151.006506
2540	-37.700175	145.108339
2535	-34.819614	138.707261
2530	-36.88053	147.826143
2530	-33.723693	151.16729
2520	-37.822725	145.030602
2520	-36.41273	141.017332
2520	-27.427508	153.000297
2515	-36.242443	145.957776
2515	-35.013711	144.206139
2515	-34.940362	138.633974
2510	-37.766292	144.960108
2500	-34.29774	138.659866
2500	-27.162277	153.393497
2495	-37.573711	144.308232
2495	-36.164865	144.297958
2495	-34.164709	142.225122
2490	-38.326447	145.007626
2490	-37.876968	145.170841
2490	-31.996371	115.757646
2480	-37.857443	145.034127
2470	-35.902842	139.815539
2470	-33.475994	115.674056
2465	-37.706578	144.927968
2465	-37.653945	143.883416
2465	-37.474551	144.69202
2465	-34.505797	148.360971
2460	-33.739084	140.753178
2455	-22.265028	113.954791
2440	-33.844153	150.875028
2440	-27.354711	153.040051
2435	-33.780246	151.195368
2430	-43.152512	147.70789
2430	-36.860723	149.894825
2430	-34.822615	138.735572
2430	-34.802736	138.581513
2430	-27.456031	153.06036
2425	-34.726229	138.666615
2420	-37.35388	144.750796
2420	-34.766452	138.832225
2415	-23.807115	150.965859
2410	-34.031602	150.799483
2405	-31.864113	115.843478
2405	-28.184241	153.526816
2400	-20.699288	117.067614
2385	-33.858335	150.983724
2380	-37.779677	143.51253
2380	-34.293827	115.142231
2380	-26.411731	153.047416
2370	-33.836102	151.149126
2365	-38.589302	146.126718
2365	-33.281233	117.783872
2365	-30.614263	116.829163
2365	-16.972341	145.383091
2360	-38.111002	144.33452
2360	-31.246581	116.537461
2355	-35.59601	139.935161
2355	-35.410206	149.111402
2345	-37.846534	144.95086
2340	-37.866786	145.350888
2335	-37.829752	145.049415
2335	-34.714515	147.896911
2330	-23.135744	150.381164
2325	-36.035908	147.667373
2325	-32.339759	140.027346
2320	-34.820685	138.6199
2320	-33.947286	151.014547
2320	-30.357168	153.08188
2320	-28.364992	149.267966
2315	-32.514294	115.959595
2315	-29.484556	153.334228
2310	-35.893394	144.641831
2305	-38.629561	145.745609
2305	-38.135253	145.268888
2305	-33.21045	134.673762
2300	-36.515712	146.603574
2300	-34.905461	138.49264
2295	-30.430931	136.746735
2290	-31.481223	118.289983
2290	-28.19076	153.415088
2285	-34.935734	138.544358
2285	-32.040061	115.825994
2280	-34.903259	138.56787
2280	-31.891957	115.786821
2275	-37.705529	144.571033
2275	-33.971605	116.155378
2275	-31.12327	117.945624
2275	-28.084952	153.434406
2275	-17.608772	145.959335
2270	-30.488998	118.13352
2260	-37.214147	139.917377
2260	-31.860591	116.310249
2260	-30.949795	120.898892
2260	-28.110164	153.318916
2250	-33.558726	136.103172
2250	-31.871671	115.811933
2250	-29.925739	149.690988
2250	-28.190899	143.224764
2250	-27.501349	153.096812
2245	-37.915066	144.996329
2245	-33.561858	151.168984
2235	-36.287306	145.260653
2235	-33.961366	151.03221
2230	-37.241527	145.90623
2230	-33.557893	150.72802
2230	-31.643227	115.74887
2225	-31.127571	117.735836
2220	-32.915604	147.603587
2220	-27.436088	153.061914
2215	-35.535739	146.977849
2215	-35.194211	138.477958
2215	-32.158361	115.790704
2210	-38.12413	146.596877
2210	-26.848329	151.964673
2205	-38.381582	145.697053
2205	-38.254454	142.630109
2205	-33.692534	150.587962
2205	-33.621176	115.615674
2205	-27.484254	153.009661
2205	-27.452067	153.008893
2200	-38.070135	145.565304
2200	-35.41891	149.063805
2200	-32.255249	148.110385
2200	-26.539914	149.590426
2195	-37.914728	147.727389
2195	-33.871341	150.671487
2195	-33.763843	150.871134
2190	-34.05494	151.120091
2190	-33.754582	151.153176
2190	-31.579991	117.679993
2185	-28.150224	153.489332
2180	-36.07096	143.241334
2175	-43.535913	146.356055
2175	-33.828949	151.223094
2155	-35.699906	147.07831
2155	-34.847707	138.477054
2150	-35.001213	138.516314
2145	-35.793776	137.72022
2145	-31.930574	115.871864
2140	-38.263052	144.40814
2135	-38.155186	143.648479
2135	-33.606021	136.437661
2130	-43.170598	147.822931
2130	-37.84411	145.017732
2130	-37.653917	144.923609
2130	-34.1931	142.154161
2120	-17.293532	129.662008
2115	-37.819594	145.248209
2115	-37.724141	144.699671
2115	-37.708784	145.416004
2115	-34.550897	138.83423
2115	-33.835018	151.070853
2115	-20.785813	115.407335
2110	-37.495349	147.866067
2110	-17.622583	146.078807
2105	-33.903521	151.184665
2100	-33.869017	118.112783
2100	-33.451323	121.732214
2095	-38.195017	145.093743
2095	-33.159023	147.772834
2095	-32.495421	117.763902
2095	-29.514304	115.597715
2090	-41.70457	146.988293
2085	-37.982186	142.853634
2085	-27.397055	153.074982
2075	-30.972846	115.424656
2070	-35.112119	138.565224
2060	-38.064252	145.634339
2060	-31.088119	151.246189
2050	-38.44818	145.591284
2050	-36.63511	144.576787
2050	-36.607616	144.041722
2050	-28.34099	153.560693
2050	-27.611129	153.087839
2045	-31.816059	115.899644
2045	-19.214466	141.243755
2040	-41.352322	146.412127
2040	-34.968051	138.548367
2040	-32.924571	151.743325
2030	-37.980868	141.789606
2030	-21.169015	148.952546
2025	-36.515303	144.28053
2020	-28.349373	152.305204
2015	-35.542622	144.230168
2015	-27.240638	152.993187
2010	-37.668408	145.107802
2010	-26.724017	145.397502
2010	-17.741867	141.185062
2000	-37.592101	145.192854
2000	-34.494723	150.873081
2000	-33.619756	151.150498
1995	-37.655945	142.527253
1990	-34.793414	138.724953
1985	-33.404462	149.969799
1985	-32.42656	115.760224
1980	-26.66324	152.965013
1975	-36.13191	141.940764
1975	-34.936926	138.570873
1975	-30.777381	148.984063
1975	-23.632816	148.891333
1975	-16.134853	123.753964
1970	-37.172964	143.280627
1970	-34.90073	138.51199
1965	-33.839275	147.308172
1965	-33.723263	151.108249
1960	-37.851305	145.101
1960	-29.611901	150.331619
1960	-26.691701	152.95452
1955	-38.126458	145.157574
1955	-36.148922	145.959015
1955	-34.854247	138.64344
1955	-34.821319	138.680226
1950	-38.693437	146.472132
1945	-36.699331	141.201068
1935	-33.905586	151.023171
1935	-33.810991	151.084181
1930	-32.619929	147.538565
1925	-35.010886	138.654942
1925	-34.466406	150.943899
1920	-35.00298	138.594176
1920	-33.319068	120.349013
1915	-33.650999	151.216929
1910	-29.441821	150.547545
1905	-33.872435	150.947496
1900	-28.101892	153.410392
1900	-25.990771	153.097862
1895	-37.839387	145.347505
1895	-37.831693	144.958176
1895	-21.054268	148.50081
1890	-38.355231	145.094502
1890	-37.751845	144.902556
1885	-37.882562	145.090149
1885	-36.03202	145.246572
1880	-38.716838	143.474392
1880	-37.73919	145.115208
1880	-28.845315	151.847374
1880	-28.571936	151.918897
1880	-27.590722	153.077926
1875	-26.978981	151.803967
1865	-42.958471	147.906152
1865	-33.880179	151.184458
1860	-41.784391	145.201632
1860	-35.45676	149.08972
1860	-34.957325	138.722419
1860	-34.954325	138.621477
1855	-38.268176	142.351658
1855	-36.206055	144.961183
1855	-33.871222	151.193055
1850	-31.126265	149.754627
1845	-36.414359	145.937326
1845	-34.965359	143.189786
1845	-31.956599	115.811432
1840	-33.959617	150.970931
1840	-30.140505	151.001122
1835	-43.209774	147.227479
1835	-34.622783	138.724059
1835	-33.912288	151.155539
1835	-29.8313	146.94474
1830	-37.774486	144.897221
1825	-38.210382	146.065656
1825	-34.963195	138.649183
1825	-28.833846	115.764797
1825	-27.583528	153.116151
1825	-26.004636	151.589811
1820	-37.945149	145.115271
1820	-34.230944	150.969679
1815	-41.333887	147.152757
1815	-37.743008	145.046401
1815	-33.400929	116.625294
1810	-37.942021	145.047802
1810	-34.948827	138.506052
1810	-33.610787	115.0768
1810	-31.95707	115.836896
1805	-31.169257	118.681242
1800	-36.180787	146.604622
1795	-43.029525	147.663981
1795	-37.777204	144.829945
1790	-33.831212	136.499961
1790	-33.031221	116.029777
1790	-32.265645	115.835972
1790	-29.427879	138.049515
1785	-37.91342	145.12665
1785	-34.906905	138.815277
1785	-31.938107	115.899589
1780	-37.807101	144.907953
1780	-32.024363	115.837525
1775	-37.796091	145.232557
1775	-31.985247	115.908576
1775	-24.632323	151.621961
1765	-33.867187	151.171915
1765	-32.923321	151.532669
1760	-29.545139	117.835179
1760	-26.987776	153.12414
1755	-37.774064	144.999745
1755	-31.94994	116.004245
1750	-36.038655	146.930436
1750	-34.218439	150.584634
1750	-33.996063	150.843761
1750	-32.901412	149.964131
1745	-37.806965	145.125084
1745	-34.176731	148.523704
1745	-27.320633	151.596963
1740	-27.655062	152.142704
1735	-37.917932	145.292895
1735	-31.327544	118.524208
1730	-37.881414	144.984034
1730	-33.951109	150.917444
1725	-37.701346	145.056223
1725	-35.007341	138.575023
1725	-33.857591	115.188682
1720	-41.616219	147.223173
1715	-35.231279	149.086682
1715	-27.851804	152.592399
1710	-43.062899	147.753782
1710	-37.881041	147.839367
1710	-32.286284	117.879836
1710	-27.545157	153.451696
1710	-17.352821	145.872166
1705	-31.826199	115.941108
1705	-31.643902	116.797476
1705	-27.568359	153.020197
1700	-27.500518	153.005045
1695	-38.147989	144.668477
1695	-35.030702	138.546572
1695	-33.930314	151.223936
1695	-16.993753	145.729193
1690	-32.038228	115.783732
1685	-37.793695	145.081714
1685	-33.9491	138.188988
1675	-35.196481	138.553437
1675	-34.061823	115.176529
1675	-31.48847	115.616105
1670	-37.858918	145.019393
1670	-35.037558	140.242147
1670	-30.027371	115.087155
1670	-17.447378	140.92883
1665	-33.748279	115.956731
1665	-31.651142	117.222062
1660	-35.096383	138.515652
1660	-27.36618	153.175242
1655	-36.479193	145.30098
1650	-37.061635	144.214903
1645	-37.925371	145.013593
1640	-37.705324	144.82246
1640	-33.891146	151.193858
1640	-33.702167	150.686816
1640	-32.180856	138.1056
1635	-31.687341	115.711684
1635	-26.23368	147.490282
1630	-35.31537	149.170023
1630	-30.925233	153.053789
1630	-27.931188	148.408512
1625	-35.149737	138.49632
1620	-38.352327	145.199777
1620	-35.333843	146.332431
1620	-34.285785	135.66453
1615	-37.642852	145.365993
1615	-34.788611	116.604043
1615	-25.377582	141.581266
1610	-37.856009	145.31784
1610	-35.492114	139.0336
1610	-33.973161	151.117453
1605	-38.396077	144.827203
1605	-34.921123	138.735107
1605	-33.858556	151.180095
1605	-33.813106	151.059845
1605	-32.909816	151.704581
1605	-27.433237	153.04354
1600	-34.824516	138.493796
1590	-38.437946	146.319351
1590	-38.209921	144.572989
1590	-32.445896	115.755289
1585	-35.166866	138.481211
1580	-34.129198	135.635831
1580	-33.68873	116.206928
1580	-33.245138	115.846788
1580	-31.903241	115.840879
1575	-37.619102	145.074353
1575	-36.839707	145.179762
1575	-33.94913	151.075304
1565	-42.988314	147.409324
1565	-30.627675	150.761923
1560	-37.264671	147.707962
1560	-33.81658	151.108447
1560	-33.813209	151.183801
1560	-33.775596	151.043518
1560	-32.917776	151.754696
1560	-32.296524	117.140629
1560	-27.869823	153.360694
1560	-19.510071	147.304401
1555	-40.758553	145.275421
1555	-36.725245	142.203729
1555	-34.879357	138.609927
1550	-33.898793	151.102087
1550	-22.133456	115.448968
1545	-33.776781	151.28494
1535	-38.037026	145.304198
1535	-37.819364	145.313346
1535	-37.700454	144.766873
1535	-35.366161	150.320507
1535	-27.552052	153.030643
1525	-37.803515	144.998203
1525	-37.494056	144.806632
1525	-36.404918	140.601672
1525	-36.231961	144.87573
1515	-33.725566	150.431839
1510	-33.878774	151.156819
1510	-27.49069	153.158727
1505	-27.484177	153.040982
1500	-37.966218	145.17877
1500	-33.656984	150.974528
1495	-38.315452	146.414358
1495	-22.810583	141.861769
1495	-21.605319	116.311985
1490	-38.271074	144.614191
1490	-37.819222	145.196686
1480	-40.505978	148.338962
1480	-33.78042	151.162007
1480	-29.967278	115.856422
1475	-34.896906	138.542493
1460	-33.735222	151.123716
1455	-34.517974	138.765349
1450	-36.430131	142.677858
1450	-34.886018	138.587083
1450	-27.468391	153.022126
1445	-36.461381	144.976813
1445	-31.842318	152.686583
1445	-24.49928	144.26853
1445	-24.146903	151.634285
1440	-38.084781	144.352385
1440	-33.119332	115.907354
1440	-31.296345	118.896267
1435	-37.861799	145.284418
1435	-36.358017	146.330564
1435	-35.610147	146.767477
1430	-34.177881	139.955939
1430	-34.01362	151.101891
1430	-27.077933	153.080799
1425	-33.903892	151.206316
1425	-33.357329	139.143828
1420	-27.479866	152.964146
1415	-37.847981	141.706379
1415	-37.804846	144.986906
1415	-33.691922	151.097508
1415	-28.619887	115.338356
1410	-38.20363	143.892824
1405	-27.681519	153.186817
1405	-26.649074	149.773144
1400	-37.835562	144.839704
1400	-33.707725	150.181517
1400	-32.601853	151.543017
1395	-37.938068	145.433024
1395	-27.475814	153.120634
1390	-36.722034	147.149468
1385	-34.04984	151.085005
1380	-26.176717	151.776012
1375	-42.104584	147.614307
1375	-35.041551	138.856429
1370	-21.221858	149.040703
1365	-37.811303	147.867533
1365	-28.127323	153.45837
1360	-43.171185	147.750593
1360	-38.465552	145.293632
1360	-33.920698	151.17074
1355	-42.916204	147.3368
1355	-42.906796	147.480017
1355	-38.245649	146.16397
1355	-37.869072	144.999026
1355	-37.825173	145.097236
1355	-34.711018	148.555243
1355	-33.846098	151.086036
1350	-38.415199	145.050587
1350	-16.09862	123.610523
1340	-31.568218	138.70506
1335	-37.880748	145.128118
1335	-33.755499	151.064176
1330	-34.037692	151.101564
1325	-41.397239	147.130185
1325	-37.902805	145.089719
1325	-32.005644	115.904425
1320	-34.977122	138.516973
1320	-32.931589	151.740716
1315	-42.975502	147.298181
1315	-37.840679	144.991264
1315	-36.335898	147.35527
1315	-27.629474	153.142035
1310	-43.138712	148.006561
1310	-37.66607	145.002679
1310	-31.950074	117.815142
1305	-34.009345	151.063808
1300	-35.727789	141.930872
1300	-31.965498	115.977633
1300	-26.731692	152.965037
1295	-33.810388	150.850764
1295	-30.595044	150.17806
1290	-38.660637	143.177116
1290	-37.922369	145.059426
1290	-37.807135	144.861162
1290	-33.034213	137.525354
1290	-28.150726	116.689412
1290	-23.515643	144.616977
1285	-34.486406	142.348315
1285	-31.801707	115.799832
1280	-35.718823	139.743422
1280	-34.86668	147.014242
1280	-27.405747	153.105247
1280	-27.343884	151.887919
1275	-37.893263	145.246731
1275	-33.910105	151.194825
1275	-30.650914	116.425241
1270	-41.915923	147.410747
1270	-29.107426	115.946714
1265	-37.757895	148.116641
1265	-33.838021	151.216869
1260	-34.486238	117.62552
1255	-34.773234	138.738733
1255	-33.650554	121.798896
1250	-35.162259	147.463477
1250	-20.889915	148.737792
1245	-35.520797	138.668775
1245	-34.256363	138.772345
1240	-37.81805	145.149653
1240	-37.595015	144.856082
1240	-36.686814	146.313751
1240	-34.855449	138.815964
1240	-30.973619	151.095609
1240	-28.392183	153.541853
1240	-27.558858	153.154177
1240	-23.832434	151.121567
1235	-37.707326	144.967874
1230	-38.087758	143.88056
1230	-35.335821	149.093455
1230	-34.796682	138.674657
1230	-33.322813	115.868603
1225	-37.897137	145.222634
1225	-36.844091	145.357627
1225	-29.340545	116.702611
1220	-42.646044	147.451363
1215	-41.308785	147.702655
1215	-37.867864	145.092946
1215	-37.786971	144.96724
1215	-31.141763	115.424522
1215	-27.057139	135.062571
1210	-37.70789	141.549163
1210	-34.861332	138.675254
1210	-33.213883	148.684862
1205	-41.117415	146.83066
1205	-38.38752	145.19304
1205	-32.987279	151.651275
1205	-32.88219	137.946255
1200	-36.357399	146.842075
1190	-34.061753	151.064329
1190	-33.945635	151.241292
1190	-26.844909	144.975368
1185	-36.182336	144.511713
1185	-36.132613	147.49344
1185	-35.020077	138.756728
1185	-34.897167	138.864359
1185	-32.047498	150.187517
1180	-38.483041	145.466781
1180	-30.779803	137.197175
1175	-33.728545	150.484549
1170	-34.784447	138.609874
1170	-34.599488	148.255601
1170	-31.982199	115.869482
1170	-31.960364	115.913458
1165	-37.985059	145.067356
1165	-37.980059	145.325994
1165	-33.949431	138.773663
1165	-31.155223	150.54907
1165	-27.644688	153.08304
1160	-36.942586	140.246064
1160	-35.369991	149.094831
1160	-27.960815	153.183429
1155	-37.731464	144.904815
1155	-36.343395	140.919727
1155	-34.074239	150.919554
1155	-31.935675	115.834335
1150	-38.217991	145.227373
1150	-35.003888	138.618684
1150	-31.95388	115.963293
1150	-20.971499	117.740969
1145	-42.890148	147.328928
1145	-42.83903	147.360174
1145	-37.772675	145.048573
1145	-37.075364	144.387629
1145	-30.429334	116.826594
1145	-27.611502	153.109769
1140	-37.891841	145.002571
1140	-35.218737	149.132505
1140	-33.884685	151.25591
1135	-41.472098	146.944728
1135	-33.602167	150.991055
1130	-36.388628	142.093883
1130	-33.884119	151.212262
1130	-17.025592	145.730423
1125	-42.706031	145.537671
1125	-33.333187	151.3433
1125	-32.017663	115.967142
1125	-27.81609	153.048563
1120	-37.624929	145.288073
1120	-27.730432	153.04108
1115	-38.647562	146.507929
1115	-37.817403	144.956776
1115	-34.823114	139.191868
1115	-34.44817	147.815806
1115	-28.900034	121.092655
1115	-27.464676	152.999039
1110	-36.050686	145.329026
1110	-32.931635	151.778021
1105	-33.766075	150.935836
1105	-31.90733	115.769183
1105	-30.214559	117.144456
1105	-27.652403	153.174214
1105	-27.128401	152.936289
1100	-33.851868	151.026756
1100	-27.643845	153.022499
1095	-37.960778	142.478612
1090	-34.804991	147.193088
1085	-36.266642	144.257135
1085	-33.169137	138.482155
1085	-31.125288	117.204349
1080	-33.634941	149.164475
1080	-29.774917	115.180736
1075	-33.448521	135.581933
1070	-37.784683	144.854014
1065	-41.600123	147.046481
1065	-37.521863	145.353378
1065	-34.795292	138.758111
1065	-27.419484	153.059749
1060	-35.500615	138.710195
1060	-30.859977	117.071157
1055	-34.461249	138.685512
1055	-34.051274	150.793614
1045	-33.707117	151.27114
1045	-27.383801	149.525379
1045	-20.720423	148.622011
1040	-38.025018	145.349488
1040	-34.919985	138.630575
1040	-32.750429	115.859383
1040	-31.908357	115.814562
1040	-28.182084	153.37739
1030	-38.630568	146.436583
1030	-35.918885	142.441984
1030	-35.330382	149.125739
1030	-34.372016	117.096189
1030	-33.992159	151.10599
1030	-27.673806	153.027323
1025	-37.814183	144.888686
1025	-34.029927	151.193492
1020	-33.78709	151.012511
1020	-27.91583	145.083656
1020	-27.180602	133.420868
1015	-34.924843	138.788705
1015	-31.834469	115.774028
1015	-29.740667	115.839422
1015	-22.515013	149.235514
1010	-42.842607	147.289682
1010	-35.202209	143.394092
1010	-34.574113	142.87381
1010	-31.140717	117.083327
1005	-36.423823	145.178369
1005	-33.82252	150.781767
1005	-28.271718	153.472644
1005	-27.211886	153.046414
1005	-27.005542	152.957238
1000	-38.367874	144.768301
1000	-34.779057	138.49958
995	-33.894912	151.206211
995	-32.133322	152.33084
995	-30.770199	139.076342
995	-28.901048	150.742604
995	-26.731753	151.083543
990	-37.857116	145.057833
990	-36.623748	145.852449
990	-33.822837	151.21246
985	-33.13467	138.985832
985	-32.668322	117.129227
980	-42.965741	147.47851
980	-41.499942	147.209446
980	-36.092132	142.446015
980	-33.658174	151.143563
980	-31.921222	115.831181
975	-38.305806	145.136622
975	-34.891863	138.760552
975	-34.00333	136.301759
975	-33.605124	148.952525
975	-33.091309	135.249834
960	-33.7237	150.45933
960	-32.005554	115.520516
960	-31.584172	149.440922
955	-36.950365	144.281488
950	-37.802608	144.977795
950	-28.463902	151.744738
945	-37.0666	142.771159
945	-30.446675	116.070173
940	-38.180923	142.409105
940	-38.002518	145.42327
940	-37.924431	145.241589
940	-37.87179	144.04476
940	-37.424288	143.143621
940	-35.586342	145.52068
940	-34.976263	138.570739
940	-33.689941	151.290953
940	-33.64991	148.420031
940	-33.18208	115.903221
940	-32.407414	115.757908
940	-31.526755	118.167797
935	-37.892139	145.023394
935	-35.754185	145.872814
935	-33.252592	138.961232
930	-42.861932	147.293268
930	-37.981249	142.660643
930	-37.050037	144.747197
930	-30.561306	117.153374
930	-27.652812	153.110764
925	-38.039958	144.422666
925	-36.658804	141.366071
925	-36.135717	146.864361
925	-34.798549	138.644685
925	-33.666855	150.553111
925	-30.266489	116.750631
925	-28.904615	151.948363
920	-37.797042	147.814894
920	-33.88871	151.240508
910	-41.366416	146.996977
910	-22.427636	144.622118
905	-37.3209	145.839057
905	-34.963083	138.527412
905	-33.660707	151.314599
900	-37.593554	145.112985
900	-34.829603	138.638946
900	-33.998362	150.894916
900	-33.724898	151.043941
900	-24.936614	143.103133
895	-36.865206	148.701564
895	-33.90441	151.138999
890	-27.324371	150.444304
885	-37.845116	145.270141
885	-37.803569	144.966112
885	-34.857324	138.75703
885	-33.729916	150.407048
880	-38.048316	145.371635
880	-37.898544	147.680121
880	-37.779876	145.282396
880	-34.805141	138.966075
880	-28.61221	147.830117
875	-37.956585	145.013472
875	-35.204199	141.385876
875	-30.940448	116.396621
870	-37.78391	145.322794
870	-35.700788	143.406398
870	-33.929096	151.252171
870	-32.068768	115.759022
870	-31.920863	115.914851
870	-30.960681	119.078912
865	-37.666265	144.956763
860	-38.409363	144.176397
860	-37.252718	143.815613
860	-33.887602	151.124008
860	-32.931265	151.752466
855	-37.752123	145.204689
855	-34.332109	150.904835
855	-33.626627	149.08632
855	-31.956931	115.874601
850	-32.879469	151.80174
850	-30.864342	150.875031
850	-27.186624	152.932083
845	-35.026307	138.601272
840	-36.587922	146.75397
840	-27.510035	153.131429
840	-23.303751	117.47663
840	-22.055582	120.282267
835	-38.103194	145.137811
835	-37.162862	140.321798
835	-36.985747	145.739419
835	-35.237265	138.478943
835	-33.910308	151.12086
835	-33.896401	151.245049
830	-36.070928	147.942058
830	-31.605391	117.471029
825	-37.144067	145.54096
825	-34.72213	138.565037
825	-33.725619	150.89547
825	-27.629394	152.858086
820	-41.788619	147.317089
820	-35.389263	149.049785
815	-38.448155	145.723537
815	-38.383367	144.873115
815	-37.824608	144.950858
815	-35.7157	142.329159
815	-33.977497	150.856709
810	-38.673841	145.987059
810	-37.667713	145.150369
810	-33.798378	151.17711
810	-33.773937	116.03654
810	-33.223445	121.682321
805	-38.345527	144.739101
805	-37.885138	145.316734
805	-34.857497	138.558318
800	-35.931669	144.262942
800	-34.569464	145.937532
800	-31.817926	152.595335
800	-21.461934	115.001086
795	-37.993258	146.013136
795	-31.886322	115.89088
795	-26.33317	147.921117
790	-36.597861	142.693946
790	-33.980264	151.071837
790	-27.669244	153.24333
785	-37.943586	144.498479
785	-33.757296	151.130278
785	-31.168259	117.660055
785	-29.757915	148.837106
780	-33.895705	151.227236
780	-27.445107	152.985176
775	-31.907828	116.132045
770	-37.85523	145.151119
770	-37.758335	145.142675
770	-37.596078	145.005578
770	-35.579513	140.32532
770	-30.775229	151.154222
765	-37.810871	144.949592
765	-33.782501	150.996388
765	-29.985367	151.265077
760	-34.092233	138.620883
760	-34.090426	142.065808
755	-37.727529	144.866305
755	-34.285345	140.51443
755	-27.56237	152.588235
755	-23.657893	150.643168
750	-38.043995	145.264296
745	-31.17375	150.729574
745	-26.671589	153.101997
740	-38.411964	143.924288
740	-33.811042	150.72319
740	-24.784155	145.141177
735	-37.761235	144.86194
735	-33.882419	151.113385
735	-33.862021	117.651128
730	-36.405771	143.810786
730	-35.24588	145.627125
730	-33.768837	150.626788
730	-32.915791	151.767408
730	-31.992082	115.945564
725	-37.923345	145.087614
725	-37.832179	144.918044
725	-31.161423	116.104431
725	-27.013381	150.812644
720	-35.124824	138.500365
720	-31.971725	115.896029
720	-30.871011	121.541783
720	-29.131193	150.307886
715	-33.896378	138.43015
715	-33.095552	151.412119
715	-22.580866	149.675382
710	-37.74107	144.857638
705	-35.233606	139.511686
705	-33.964713	151.084774
700	-37.766184	144.922995
695	-31.915463	115.883976
685	-35.017416	138.520459
685	-32.88365	151.688102
685	-32.544993	134.650428
680	-33.926056	151.122881
675	-37.920945	145.167859
675	-37.817798	145.174489
675	-37.351704	144.144216
675	-35.701439	143.152747
675	-33.338057	115.776497
675	-27.506409	153.243312
675	-20.354067	148.958824
670	-34.187027	140.454506
670	-34.064708	139.786627
670	-33.75185	151.229211
660	-40.801511	147.630044
660	-36.37708	145.125014
660	-34.193052	150.559186
660	-32.9894	117.7572
660	-27.681063	153.084397
655	-34.329424	143.491656
655	-34.312427	138.517968
650	-37.307042	140.838441
650	-37.298061	141.948371
650	-33.891041	151.268968
650	-31.690852	149.051954
650	-26.686321	153.113416
650	-25.891004	152.928987
645	-37.670851	145.185826
645	-37.017241	145.850304
645	-29.035918	150.435032
640	-42.898778	147.433337
640	-33.666637	151.112681
640	-32.892884	151.697356
635	-37.184831	144.374338
635	-35.290568	138.470002
630	-41.08106	147.823431
625	-36.062544	144.46276
625	-35.824259	143.232677
625	-33.015031	138.746595
625	-31.290084	118.22061
620	-42.730285	147.631695
620	-35.608279	148.091211
620	-34.810928	138.776976
620	-33.942677	138.722876
620	-33.895055	138.031867
620	-32.023679	118.806453
615	-37.563905	145.142035
615	-35.235708	143.493525
615	-33.901925	151.053858
610	-35.639761	144.094672
610	-27.458767	153.103331
605	-32.80966	118.724162
605	-31.949349	116.28143
605	-30.22554	115.20926
605	-28.941714	144.560358
600	-38.298267	146.708775
600	-37.910077	145.324468
600	-28.508802	150.646259
595	-37.971763	145.255599
595	-34.968504	138.769031
595	-33.966692	151.101764
595	-33.887203	150.979458
595	-32.366157	142.666608
590	-38.069094	145.406887
590	-37.5878	144.123664
590	-35.033769	138.620405
590	-33.936534	150.585995
585	-33.791357	151.092072
585	-32.039897	116.013165
580	-34.939245	138.710203
580	-32.853807	115.896715
575	-42.950412	147.512182
575	-37.978698	145.031561
575	-37.827203	145.075748
575	-37.539267	145.784751
575	-32.728461	151.385451
575	-23.711361	150.81952
570	-43.008052	147.309302
570	-35.124126	138.473209
570	-33.937551	151.147956
565	-37.878188	145.332431
560	-37.918437	143.758576
560	-37.563775	149.909868
560	-35.386025	138.505922
560	-33.976987	149.02317
555	-37.712474	145.005955
555	-36.304285	147.123674
555	-33.9233	151.202697
555	-30.730158	116.762957
550	-42.807682	147.743285
550	-38.354321	144.931834
550	-37.848036	145.377128
550	-34.911523	138.584497
550	-34.251101	140.28104
545	-34.26948	117.398532
545	-27.862349	153.135566
540	-41.044472	145.804533
540	-38.232443	142.884394
535	-38.261168	145.096992
535	-37.643461	144.707974
535	-36.119195	146.717193
535	-34.983539	148.390372
535	-34.965178	143.375822
535	-28.893724	148.847796
530	-37.770977	148.426851
530	-34.196004	150.708875
530	-31.924969	149.319295
530	-23.059653	148.429161
525	-42.78011	147.488282
525	-37.354647	145.052552
525	-31.601076	117.979823
525	-30.07897	148.924417
525	-25.60309	139.323274
520	-37.413302	144.752095
520	-35.005492	138.553853
520	-33.835883	150.976594
515	-34.867318	138.481639
515	-34.48494	150.840792
515	-32.930221	151.706545
515	-31.895542	118.1626
510	-31.310791	116.042298
505	-37.639887	144.879626
505	-35.191375	140.685318
505	-33.881009	151.084759
505	-27.390823	153.234041
500	-37.836663	145.430311
500	-33.830687	151.243351
500	-33.47611	138.424322
495	-35.744959	137.236746
495	-27.277628	152.946201
495	-27.181203	153.013716
490	-38.01378	145.726311
490	-35.39199	141.121226
485	-38.207476	145.922212
485	-36.00978	145.486015
485	-30.568116	115.250201
485	-27.487689	153.1998
480	-38.383368	145.153269
480	-36.256251	144.515589
480	-28.415979	149.824698
475	-28.06794	153.40282
470	-37.448455	144.792581
470	-27.502289	153.209624
465	-34.78436	148.326675
465	-33.700603	150.880097
460	-38.009435	145.265524
460	-32.328863	115.833257
460	-31.126499	117.249295
460	-27.604588	152.840187
460	-23.68492	148.187851
460	-20.053296	148.887166
455	-37.105993	143.412675
455	-33.897219	151.15085
450	-36.226015	141.101929
450	-34.945146	138.530183
450	-34.366816	138.768325
450	-33.892783	151.135883
450	-27.470078	153.045194
445	-37.829923	144.774986
445	-37.673182	144.888492
440	-35.035673	137.310027
435	-42.093728	145.529693
435	-33.291834	115.847234
435	-31.817666	116.428564
430	-32.873614	137.075487
430	-32.142001	118.020545
430	-31.938454	115.764683
430	-27.533407	153.226864
425	-35.711533	142.671962
420	-37.838242	144.880556
420	-36.927251	145.298203
420	-34.86628	138.492908
420	-34.437229	150.818904
420	-33.942632	151.098002
420	-31.384119	118.564405
420	-27.508707	153.044217
415	-36.812087	146.316338
415	-27.552137	153.004615
415	-26.248504	143.274156
410	-42.994715	147.285203
410	-42.715494	145.925302
410	-34.729742	143.143231
410	-33.901198	150.998155
410	-32.905633	151.722243
405	-33.567546	138.210043
405	-33.404961	150.04201
405	-27.462504	152.975992
400	-37.592283	143.82846
400	-28.46368	115.755437
400	-27.495458	153.0328
395	-38.289636	143.52228
395	-37.632986	144.932557
395	-35.202752	143.351682
395	-31.948762	115.859912
395	-21.042567	149.152281
390	-38.2783	145.031598
385	-35.616408	142.943814
380	-36.128029	143.917515
380	-34.945777	138.735962
380	-33.868972	151.250494
380	-33.387234	138.410287
380	-33.021612	137.512634
380	-27.623975	153.263801
375	-37.202634	146.253268
375	-29.130197	153.43269
370	-35.330569	138.47117
370	-34.769363	117.785337
370	-31.746189	116.473434
370	-29.412622	153.243897
370	-28.111748	153.434197
365	-35.628333	143.78521
365	-26.812085	152.971346
360	-38.202905	144.462401
360	-34.789625	137.748829
360	-34.121499	147.405434
355	-34.876988	138.637707
355	-29.391492	148.378523
350	-41.293081	146.972023
350	-33.704416	150.366015
345	-43.338435	147.040135
345	-35.023252	138.73592
345	-31.955552	117.666205
345	-21.712224	122.224801
340	-42.884195	147.976495
340	-35.378159	149.194535
335	-36.788479	146.95979
335	-34.912384	138.529573
335	-31.866822	115.937824
330	-35.402705	149.081776
330	-33.969454	138.652781
330	-33.086545	151.591728
330	-30.775956	117.93876
330	-27.633988	153.050793
325	-37.772477	145.084806
325	-34.446813	138.897955
320	-34.960813	138.740223
315	-37.844246	144.970161
315	-37.711787	145.082426
315	-36.021295	145.047253
315	-35.120596	142.035659
315	-27.153669	152.976886
315	-24.483472	150.806049
310	-37.941939	143.375414
310	-34.240296	140.551874
310	-30.764934	117.679166
305	-35.905463	145.976131
305	-33.89418	151.16564
305	-17.535676	145.633789
300	-38.419488	145.367079
300	-37.457528	144.602032
300	-33.941443	150.981592
300	-33.352103	115.707383
300	-31.254414	115.508625
295	-36.731686	146.834561
295	-33.917601	151.101777
290	-34.858542	117.593417
290	-26.902425	152.986033
280	-37.179453	144.743358
280	-35.941228	149.168553
280	-34.847141	138.673783
280	-34.102735	150.749847
280	-33.664921	151.290921
280	-31.896593	116.20454
270	-38.138728	144.330986
270	-35.030185	138.656697
270	-34.147379	150.718007
270	-27.408542	153.030695
270	-23.154069	119.714082
265	-38.059868	142.31953
265	-37.759154	145.363185
265	-33.972167	150.890441
265	-33.853924	151.165735
265	-33.766093	151.210531
265	-33.761834	151.171738
255	-28.168787	153.517333
250	-37.724398	145.06988
245	-38.364689	146.359836
245	-37.839841	140.764545
245	-34.94231	137.734592
245	-34.295634	150.575238
245	-33.05792	117.243277
245	-26.663912	148.293883
240	-27.68492	119.409802
235	-38.262273	145.166426
235	-37.89424	145.405388
235	-37.893196	142.227754
235	-27.584561	152.921067
230	-37.019811	143.841414
230	-32.981696	121.638735
225	-34.829433	139.051698
225	-26.851248	151.426657
220	-38.05354	145.231114
220	-33.91139	151.218435
215	-37.743155	142.013356
215	-32.031182	118.097777
215	-30.850566	119.540903
210	-22.497884	148.259592
205	-43.091051	146.970489
205	-34.851049	138.724487
205	-33.673948	138.633474
200	-42.291313	145.807453
200	-33.924525	151.076939
195	-37.848786	145.192303
195	-37.818517	144.982207
195	-37.778298	145.025853
195	-37.476474	144.959512
195	-33.731105	151.07359
190	-37.873733	145.019929
190	-34.411973	117.491623
190	-32.842201	138.357347
185	-37.854683	144.995504
185	-37.794054	145.186334
185	-37.637478	145.136688
185	-37.468159	141.229722
185	-36.018771	146.415927
185	-33.774145	151.079919
185	-31.585614	115.663878
180	-38.290637	146.175271
180	-34.658726	137.704719
180	-33.972859	148.432316
180	-27.314022	153.008731
175	-41.530631	147.013597
175	-38.373694	145.01994
175	-37.814771	145.346621
175	-32.993286	151.682517
170	-37.983701	143.908716
170	-34.572329	148.498501
170	-33.73238	151.000948
170	-31.889087	116.100432
170	-31.726613	116.538966
170	-29.445997	147.966635
165	-37.684684	145.006644
165	-34.349362	150.891169
165	-28.516957	151.875003
165	-26.290166	150.143323
160	-32.015976	115.763404
160	-24.367525	147.710806
155	-37.528792	142.985403
155	-36.641016	146.864194
155	-31.398146	119.143202
150	-37.643598	145.022137
145	-37.91624	144.64209
145	-37.875066	144.777165
145	-37.537492	145.623011
145	-27.500807	153.058605
145	-27.356025	152.979085
140	-35.373243	136.859338
140	-34.794834	140.367313
140	-31.297561	116.184272
140	-26.827837	150.807058
140	-26.509225	148.190376
135	-34.934914	138.768586
135	-33.946923	151.207285
135	-33.804669	138.796125
135	-27.515758	153.011535
135	-26.600192	147.026276
130	-34.843346	138.704628
130	-34.709347	138.62532
130	-26.598388	149.960268
125	-37.695254	145.224204
125	-36.666391	142.876262
125	-35.155031	141.680385
120	-37.41047	145.682161
120	-35.117696	137.825935
120	-32.62616	117.690219
120	-32.035224	115.750311
120	-31.070282	116.110277
120	-22.449259	147.17431
115	-38.346704	143.740326
115	-38.321871	144.692708
115	-38.018664	144.043058
115	-35.129137	143.426745
110	-37.736734	145.267586
110	-35.431026	143.637617
105	-42.536377	147.383495
105	-38.270398	142.119266
100	-37.874533	145.429715
100	-36.554936	145.977761
100	-31.085084	116.452845
100	-26.07176	149.782504
100	-25.444837	147.059769
95	-41.902129	145.500566
95	-37.691916	144.888368
95	-35.945748	144.383334
95	-32.42539	119.311209
95	-31.929036	116.079266
90	-38.230038	145.049503
90	-34.435921	138.798551
90	-33.906803	151.085513
90	-22.851944	148.850932
85	-33.881624	151.170165
85	-29.962626	116.523551
75	-38.309048	145.689142
75	-32.06089	115.953584
70	-38.564014	143.448102
70	-37.975981	145.13465
70	-31.748338	118.718262
65	-38.455399	145.501279
65	-38.018616	146.694894
65	-35.135588	149.043278
65	-34.89528	138.683151
60	-34.420483	135.61222
60	-33.883189	151.19665
60	-33.848785	151.212372
60	-30.410873	116.424426
55	-33.535559	118.79925
50	-36.410186	144.965763
50	-32.483917	118.671921
50	-31.541813	115.945497
50	-28.500406	135.088086
50	-27.549179	152.951385
50	-21.126329	148.609682
45	-32.8863	138.12371
45	-26.208628	145.958063
40	-37.865322	144.979478
40	-31.902072	117.747301
40	-31.84269	115.896508
35	-33.789374	150.959508
35	-25.666985	144.495283
30	-37.788996	144.948903
30	-37.591069	144.811494
30	-30.499936	136.05216
30	-21.771226	143.503025
20	-37.765225	145.110677
20	-37.56762	144.728973
20	-33.796636	151.241813
20	-32.054065	115.754545
20	-27.409817	152.956014
20	-27.341128	152.936519
15	-33.881306	120.145773
15	-27.399839	153.14232
10	-42.753098	147.837675
5	-33.814368	151.036941
0	-43.053156	147.47988
0	-43.033826	147.944957
0	-43.027742	147.848028
0	-42.833718	147.174382
0	-42.818606	147.828594
0	-42.730264	147.439671
0	-42.431887	147.365372
0	-41.12694	147.567819
0	-38.602117	142.870164
0	-38.544977	143.970167
0	-38.466647	143.06073
0	-38.460965	144.976673
0	-38.407828	144.975131
0	-38.339871	145.155546
0	-38.156369	145.198328
0	-38.092874	145.177905
0	-38.072748	145.134111
0	-38.063907	146.672206
0	-38.038873	141.051987
0	-38.021333	143.743305
0	-37.990985	145.237462
0	-37.951394	145.038147
0	-37.947379	145.596576
0	-37.944446	144.097178
0	-37.896917	145.379622
0	-37.863743	144.888461
0	-37.82644	141.511007
0	-37.817818	145.384955
0	-37.807397	145.036575
0	-37.8006	144.943559
0	-37.796743	147.455946
0	-37.793805	145.05219
0	-37.786977	145.384922
0	-37.786429	145.125797
0	-37.759426	145.007006
0	-37.737629	145.313086
0	-37.719759	145.124727
0	-37.713299	145.158579
0	-37.650385	145.247277
0	-37.585625	145.292381
0	-37.413377	144.546151
0	-37.399224	144.603892
0	-37.354143	144.936707
0	-37.166673	141.451647
0	-37.157744	144.322487
0	-37.090071	144.912693
0	-36.910878	145.158863
0	-36.729444	144.062915
0	-36.583744	142.487468
0	-36.31396	146.51767
0	-36.307936	145.46296
0	-35.936556	146.617535
0	-35.509635	143.66458
0	-35.435634	142.427118
0	-35.228436	143.441248
0	-35.138155	143.346028
0	-35.137389	138.475092
0	-35.096798	139.690888
0	-34.998416	138.819125
0	-34.974283	138.723897
0	-34.96322	138.828161
0	-34.83977	138.657974
0	-34.715579	150.293226
0	-34.641267	138.636537
0	-34.610739	140.515131
0	-34.607943	146.370827
0	-34.543671	116.955359
0	-34.250013	140.397201
0	-34.238385	142.172516
0	-34.237139	137.812526
0	-34.214119	140.319351
0	-34.116715	146.14674
0	-34.036494	148.562165
0	-33.936179	151.176775
0	-33.921018	151.089663
0	-33.908788	150.986277
0	-33.904414	151.259392
0	-33.885382	151.021934
0	-33.88349	151.004128
0	-33.878413	151.240965
0	-33.795227	151.273242
0	-33.752645	151.031807
0	-33.722885	115.023916
0	-33.679336	151.302825
0	-33.554839	150.692086
0	-33.549593	115.966143
0	-33.513647	118.215173
0	-33.121892	119.713036
0	-33.0633	116.773204
0	-32.967987	135.229267
0	-32.946154	115.903112
0	-32.919792	118.004212
0	-32.909135	151.750126
0	-32.546383	138.207041
0	-32.421669	115.814323
0	-32.306267	151.888327
0	-32.19598	115.799431
0	-32.189465	118.339949
0	-31.985241	116.006688
0	-31.851998	115.80924
0	-31.82434	149.727798
0	-31.771446	116.313391
0	-31.609115	115.711357
0	-31.550535	117.905311
0	-31.34664	150.611053
0	-31.318648	121.997641
0	-30.719092	117.100375
0	-30.466429	117.287007
0	-29.888797	116.551869
0	-29.76691	116.434223
0	-29.741061	149.795738
0	-29.602251	124.856838
0	-28.894651	149.647249
0	-28.743816	151.839611
0	-28.707837	150.185847
0	-28.143515	149.606552
0	-27.91838	153.201472
0	-27.687389	153.156289
0	-27.68439	120.529798
0	-27.5181	153.156446
0	-27.4855	151.856298
0	-27.450089	153.129424
0	-27.258572	145.655744
0	-27.220098	153.07529
0	-27.214362	153.106378
0	-26.951082	152.987647
0	-23.610575	145.363533
0	-22.536444	145.486391
0	-22.026615	124.383893
0	-21.930567	149.395052
0	-21.453727	147.906986
0	-20.676313	116.709548
0	-19.543752	138.350723
0	-17.748858	146.059181
