lat,lng,val
-16.934184,145.994075,61000
-29.320772,153.271074,57040
-33.820797,149.474401,56640
-26.153831,152.616943,52835
-32.685033,149.602925,52115
-23.279639,150.885772,51765
-28.706486,153.25943,46870
-32.760486,150.972137,45295
-34.863483,150.61644,41440
-37.482132,143.662387,39825
-27.627661,151.94182,38060
-32.24224,148.657282,36485
-33.233929,149.116263,34910
-35.07459,147.376202,34190
-36.737758,149.699222,33550
-31.973082,151.865806,32390
-24.88776,152.297855,31210
-27.480898,152.725408,29745
-21.33763,149.059737,29400
-31.899311,152.503209,28435
-25.640978,152.791302,27310
-34.726283,149.729215,26685
-27.576308,151.852689,26285
-28.38059,153.31648,26245
-30.375791,153.019648,25800
-28.259764,152.055174,25345
-28.440886,115.004595,25285
-35.156446,136.456454,25145
-36.68892,146.482439,24990
-33.310653,150.356874,24610
-36.881534,141.940832,24380
-23.074563,150.894331,24345
-28.056979,152.975131,23785
-16.230854,145.299094,23335
-36.78137,144.457937,23040
-34.905438,117.863286,22920
-33.208801,151.377213,22895
-25.07645,151.78942,22745
-42.544215,146.45502,22635
-31.927892,146.615174,22310
-41.456389,145.503726,22195
-35.811358,137.541715,22060
-28.499375,152.88504,21990
-36.027154,147.880991,21495
-32.741737,151.543675,20930
-41.710417,146.165998,20755
-30.459807,152.840266,20480
-35.628428,149.752107,20450
-35.317402,149.257101,20270
-20.808597,149.271699,20260
-21.017327,137.432341,20035
-25.571054,151.644182,19815
-37.927953,140.719634,19625
-18.552533,146.49572,19525
-29.630052,151.162025,19305
-36.177296,149.129166,19270
-31.387394,152.466916,19160
-34.595027,150.410978,18945
-33.728945,115.302732,18830
-34.196526,149.254163,18720
-28.92786,152.749759,18575
-18.020178,145.842063,18535
-25.337998,152.78368,18445
-42.304288,146.958381,18355
-34.042913,150.525292,17950
-24.860668,150.975499,17860
-23.446826,151.917285,17750
-30.115913,151.673028,17725
-36.988914,142.7154,17650
-35.767974,143.769445,17550
-31.333592,151.138322,17020
-37.978862,146.342932,16990
-31.770375,152.292395,16905
-19.787858,146.791529,16660
-17.520343,145.888782,16475
-27.98728,152.523366,16465
-35.671272,150.125945,16360
-37.670456,147.561112,16315
-31.725436,152.747152,15945
-38.209584,143.244766,15540
-28.121399,152.600598,15510
-37.171788,144.544716,15500
-16.923761,145.742303,15490
-37.758248,143.637463,15295
-20.465423,148.516317,15255
-41.465311,146.193428,15225
-35.379935,148.383619,15090
-32.708935,150.059088,15070
-32.977861,151.317476,14895
-33.325373,151.189243,14875
-27.656074,152.224616,14855
-9.584901,143.769211,14695
-38.181608,144.427419,14650
-26.73282,148.690231,14620
-30.329085,152.621062,14590
-32.623108,152.332617,14560
-37.287848,144.170995,14550
-27.957654,151.103872,14530
-36.688551,143.230699,14525
-34.487779,147.583811,14520
-43.571087,146.524064,14310
-34.312823,116.402179,14275
-21.145063,116.349933,13885
-30.493397,151.906153,13830
-32.672797,134.37909,13785
-37.021478,143.611335,13590
-33.476768,147.811688,13580
-37.571941,143.864505,13555
-34.867709,139.497207,13510
-34.06024,150.153221,13490
-27.663074,151.550271,13480
-25.765416,151.105529,13375
-41.08422,145.862079,13295
-35.348388,143.336906,13200
-36.2835,143.364316,13185
-38.631942,146.815723,13115
-29.36691,153.104789,13105
-31.896269,116.742895,13075
-35.227753,147.923797,13050
-26.635087,152.917384,12780
-32.196739,152.454216,12660
-36.25486,150.225372,12645
-26.576904,151.522575,12645
-35.053523,148.102866,12590
-36.669929,146.062514,12315
-32.553282,148.989227,12295
-28.802491,114.862505,12295
-36.792946,140.496496,12235
-19.914965,147.133033,12230
-39.830946,144.159775,12190
-34.762116,150.678303,12090
-30.205908,145.251371,12055
-31.934883,147.30573,12010
-29.083319,151.999661,11950
-43.077586,147.958441,11920
-31.640292,116.681727,11895
-34.194216,150.768408,11875
-30.40364,122.683881,11825
-36.957983,144.05651,11760
-34.764484,149.286631,11670
-27.627522,152.753696,11660
-30.170441,142.203381,11640
-33.401152,122.211127,11620
-40.782341,145.057623,11585
-37.919937,145.945214,11460
-25.189298,152.300968,11380
-36.554037,146.82759,11360
-38.178237,142.952372,11355
-36.764269,144.285267,11340
-31.838398,116.0261,11280
-26.659559,152.010432,11275
-31.966754,151.080412,11265
-23.354937,150.557538,11230
-34.58378,138.705675,11165
-33.305478,150.918639,11130
-37.020122,149.220453,11120
-33.802932,138.582681,11105
-33.035496,148.16819,11105
-26.112408,151.870256,11030
-27.733991,153.204523,11000
-35.097045,139.475946,10990
-41.237355,146.239406,10965
-34.347195,150.342214,10950
-33.032688,119.098339,10935
-38.460127,145.995174,10855
-41.148031,146.99252,10805
-24.734545,115.15198,10755
-28.461128,153.494236,10720
-37.39051,148.660943,10680
-41.158791,147.502082,10635
-30.097726,152.658268,10595
-28.865483,153.532475,10455
-26.828067,153.088435,10415
-32.084784,115.798722,10340
-38.535802,142.908911,10320
-33.482209,151.401999,10235
-31.145898,151.762627,10220
-32.364861,152.270901,10215
-36.428694,145.526693,10195
-33.205773,138.080191,10185
-32.557981,115.728286,10175
-17.090606,124.591962,10120
-35.357619,144.984378,10090
-37.231524,142.956916,10075
-36.656422,144.178282,10070
-34.321422,145.914625,10025
-33.106675,151.533807,10005
-26.87578,152.503797,10000
-36.409113,148.232341,9985
-33.466271,150.88744,9970
-38.182084,141.952156,9950
-27.322775,152.814527,9950
-34.912078,138.696113,9935
-32.239696,151.685456,9935
-26.91784,152.760081,9925
-37.457785,143.343429,9865
-20.428447,146.275575,9835
-27.418572,152.438771,9820
-36.056449,146.470638,9780
-38.388291,143.557159,9775
-41.432254,147.077589,9770
-25.535828,152.042802,9765
-37.449179,140.260783,9705
-34.862038,148.796477,9690
-29.736171,151.869397,9670
-37.408371,141.687516,9555
-24.393618,150.458694,9550
-30.77067,152.751629,9455
-31.551822,145.406579,9390
-37.606088,145.513804,9305
-37.651463,144.239102,9300
-36.31227,142.968057,9300
-36.404324,148.833511,9265
-35.248539,138.975861,9230
-27.070177,152.960273,9195
-35.322291,148.784415,9175
-27.572999,152.060385,9170
-35.939649,149.912199,9165
-34.577328,139.326979,9145
-35.091002,138.757945,9070
-37.566489,149.217216,9055
-37.330661,144.548846,9025
-34.900496,138.642172,9025
-31.505932,150.372784,8995
-32.14622,151.102917,8965
-27.316799,150.910979,8965
-27.803453,152.472702,8960
-37.267687,149.792364,8955
-27.307845,152.939438,8935
-37.78272,144.770641,8915
-24.675045,149.615027,8900
-22.141251,117.057776,8885
-38.482182,145.231974,8865
-30.361305,119.311267,8835
-33.019117,151.57181,8810
-27.089517,152.321536,8770
-29.327323,115.098073,8750
-41.567876,147.488412,8740
-32.248568,150.701949,8685
-34.548722,150.855135,8680
-38.118855,142.034141,8650
-43.00658,147.256698,8640
-35.215386,149.029308,8635
-35.405064,147.64961,8605
-37.334655,143.907186,8600
-33.455088,139.732545,8600
-35.521405,139.236567,8580
-36.953196,149.851694,8575
-33.647362,117.738912,8565
-28.215215,153.479217,8525
-32.282716,133.582274,8520
-34.105205,137.598449,8500
-36.016196,147.026549,8465
-34.823141,137.544605,8415
-36.786777,145.565512,8275
-37.291807,148.118511,8265
-38.597018,145.955341,8260
-33.315827,151.519708,8260
-35.809462,144.184089,8255
-35.776209,148.041339,8245
-36.625333,145.708668,8220
-35.302911,149.201072,8210
-34.902512,117.158861,8200
-38.245215,146.424457,8185
-34.152477,139.12488,8180
-29.829194,153.187047,8165
-31.735174,151.029159,8080
-34.378631,148.797264,8060
-19.227783,146.764659,8035
-33.483614,150.601824,8015
-18.028128,145.157257,8010
-35.572164,138.324567,8000
-34.940962,138.66029,7995
-32.57693,150.564817,7985
-30.599071,121.446478,7975
-36.168997,144.728806,7950
-29.36625,151.814675,7930
-35.109083,139.273641,7910
-34.362864,118.657118,7895
-41.210495,146.57356,7860
-36.474937,143.586215,7855
-42.31694,147.48727,7795
-20.80796,143.164223,7760
-33.783171,116.506912,7755
-31.951084,117.406271,7720
-29.818331,139.666239,7695
-32.3438,151.522527,7690
-36.074144,141.538074,7680
-33.466819,141.90794,7675
-33.928392,150.921448,7670
-33.756443,150.810246,7635
-42.314526,148.281407,7610
-33.410436,115.828921,7605
-33.341076,115.649205,7580
-41.319891,146.835317,7545
-32.108961,116.208263,7515
-32.660186,151.683702,7500
-36.565078,146.266835,7490
-23.180174,150.958111,7490
-33.634816,151.323289,7475
-31.298962,148.581142,7475
-34.902108,146.303599,7455
-19.23794,146.540275,7445
-18.773365,122.753792,7420
-31.237406,115.82111,7405
-33.755476,150.678551,7380
-33.019715,151.663175,7370
-38.312647,145.563979,7365
-33.35257,116.204886,7345
-33.520358,151.374403,7320
-28.664595,151.675437,7285
-29.474921,149.462148,7260
-28.418047,145.596265,7255
-32.07687,147.838499,7250
-33.813104,150.957425,7235
-37.241401,145.111854,7220
-32.212021,138.883978,7185
-33.969624,151.237844,7155
-37.000261,143.126344,7150
-33.859953,151.256649,7150
-26.734305,152.766898,7115
-32.80605,117.626013,7110
-27.965214,151.948279,7110
-28.547307,153.432398,7100
-30.073663,153.143409,7095
-32.39502,123.744186,7085
-31.373201,147.785831,7070
-36.667303,141.89695,7035
-32.983963,151.707801,6990
-33.94707,139.975421,6975
-27.832196,114.852437,6975
-34.645377,150.756883,6965
-29.018999,153.243213,6965
-21.754127,148.569564,6940
-26.26117,151.823079,6925
-34.423171,150.874294,6920
-37.066169,147.464799,6915
-36.247446,145.704042,6900
-32.819819,151.65415,6850
-31.6402,151.964845,6840
-33.902869,148.054607,6825
-34.313241,146.841533,6800
-32.757616,151.607554,6775
-39.140761,146.360412,6755
-38.578071,145.630713,6750
-31.046117,150.199154,6735
-33.131383,118.510341,6720
-25.382928,149.547307,6715
-19.285821,146.754745,6690
-36.093534,140.348707,6685
-27.064207,151.433657,6670
-33.722323,150.739398,6660
-34.489867,146.373471,6645
-35.384557,142.839304,6630
-28.035453,153.241258,6630
-27.256065,152.482636,6595
-36.361056,146.725705,6590
-32.176607,116.76028,6580
-37.035925,145.257867,6570
-25.55725,148.589834,6530
-35.803421,137.924659,6515
-33.79419,151.130233,6500
-27.399573,152.98725,6475
-34.891417,138.617673,6460
-34.231083,148.10732,6445
-36.483116,143.886832,6435
-37.873557,145.049328,6415
-33.814887,146.667476,6405
-32.223657,115.835308,6400
-37.125338,144.21419,6380
-34.16715,150.622493,6380
-33.036339,137.277293,6380
-28.341631,150.967836,6370
-27.68768,152.396656,6370
-28.111411,153.134987,6360
-32.579015,116.665242,6305
-37.196938,143.635622,6300
-35.045389,138.52272,6295
-28.907675,153.427314,6270
-28.985892,114.815184,6240
-35.4698,149.484038,6220
-27.373947,153.084784,6220
-28.259143,152.822971,6200
-33.100172,136.318517,6195
-36.638769,147.476819,6180
-38.17277,144.389533,6170
-35.275863,149.113796,6155
-34.595073,138.547998,6145
-41.284242,148.076401,6125
-34.933478,147.716767,6120
-41.13407,147.198018,6065
-37.75803,144.086089,6065
-34.592433,150.84584,6065
-30.281899,150.523163,6060
-31.936389,115.808169,6030
-33.818641,151.160912,6020
-27.18463,152.008635,6005
-42.62988,148.091696,6000
-36.257725,142.387341,5995
-33.285097,151.556223,5980
-38.290199,142.058916,5970
-33.656811,138.191161,5970
-32.280785,149.45909,5965
-19.310498,146.652307,5955
-37.435507,140.852283,5935
-32.630616,115.847592,5925
-29.139369,115.485567,5920
-37.597551,147.228456,5905
-34.937459,138.608637,5900
-34.438738,115.860627,5880
-17.815378,146.010914,5870
-20.016612,148.457987,5860
-27.543316,153.088155,5850
-35.773247,147.391271,5835
-26.742043,153.119478,5830
-27.169774,152.786172,5825
-41.269708,145.931776,5815
-32.948567,151.71008,5810
-35.945353,145.632682,5805
-31.439614,152.87253,5785
-34.055304,115.626518,5775
-34.618289,117.781468,5770
-41.100305,145.607556,5760
-30.701145,116.090272,5750
-33.604022,150.646053,5745
-31.69444,115.845329,5745
-35.248071,149.148147,5730
-30.804675,116.396304,5730
-35.901765,142.890804,5720
-34.922605,138.654999,5700
-35.28775,138.555169,5685
-31.63315,148.648353,5680
-32.740876,148.561505,5670
-37.527142,140.616636,5660
-24.688503,151.872531,5655
-30.413331,149.767538,5645
-33.928029,137.756193,5635
-24.318471,151.727736,5635
-28.777563,151.24801,5620
-37.041215,145.608491,5615
-33.957725,151.052257,5595
-27.605551,152.967822,5595
-32.892577,151.65807,5560
-41.015197,148.026137,5555
-36.044097,148.094043,5550
-33.676424,138.39411,5540
-26.630369,152.761131,5515
-30.604667,152.956681,5510
-27.554082,152.921521,5500
-31.161835,118.107061,5490
-30.540297,151.297519,5490
-34.583539,150.754592,5485
-27.502784,152.898911,5465
-23.329938,140.22124,5465
-34.080278,138.883459,5460
-37.840867,145.068191,5435
-33.763976,150.780073,5415
-30.261439,117.789878,5400
-20.79424,144.218437,5400
-38.215906,144.334005,5390
-17.095516,145.782765,5375
-38.679417,143.671777,5355
-37.787135,144.394442,5350
-37.829347,146.077886,5335
-34.257669,144.695233,5335
-24.889395,146.399409,5330
-36.529386,149.306729,5325
-35.89277,143.45008,5325
-34.538013,139.652642,5315
-27.620656,152.80457,5295
-20.407853,118.606673,5285
-34.549295,138.939049,5280
-27.682273,152.884999,5255
-19.286635,146.787716,5255
-26.612359,153.079239,5245
-26.516942,153.068303,5245
-34.627126,140.050653,5225
-33.194457,138.643794,5210
-32.131993,115.854584,5210
-33.185465,118.086163,5205
-29.021683,116.120459,5205
-27.526966,153.053952,5205
-34.010094,139.530277,5200
-27.805498,153.392892,5200
-38.007024,145.104105,5155
-36.864952,143.657638,5145
-35.061705,138.603897,5140
-36.079335,143.744455,5135
-14.962686,128.397192,5135
-33.286272,117.342795,5125
-38.42207,146.158866,5115
-33.748914,151.279999,5115
-42.877588,147.385681,5100
-35.449887,140.030554,5100
-35.356021,146.767674,5100
-33.532315,117.384564,5080
-32.281957,115.75773,5075
-36.962316,147.063163,5070
-36.837461,144.768359,5070
-35.143492,138.633118,5055
-30.766245,148.261265,5050
-17.384187,145.624143,5045
-28.27973,153.548588,5030
-33.538228,116.85396,5020
-32.803533,117.120895,5020
-27.839347,153.419405,5015
-31.654722,152.652155,5010
-33.007264,148.904531,5005
-32.360111,134.539431,5000
-30.529366,152.96348,5000
-34.093213,151.136596,4990
-33.915939,150.875345,4990
-33.766409,151.257781,4980
-43.262123,147.03435,4975
-31.622021,116.072828,4975
-37.567684,149.538907,4960
-36.577628,145.229349,4955
-31.763347,115.756405,4945
-34.095314,138.444457,4940
-39.949379,148.329247,4935
-26.995752,149.798038,4935
-36.464118,145.145217,4930
-32.965877,148.611239,4930
-33.941351,115.280972,4920
-26.360226,150.638563,4920
-34.721845,140.811093,4915
-34.793169,138.629463,4890
-33.950853,137.610828,4885
-32.805438,116.413369,4880
-38.10718,145.669112,4865
-34.907597,138.623527,4840
-34.957195,138.60648,4835
-34.952075,138.575187,4815
-32.979123,117.306862,4810
-34.718681,138.754254,4805
-34.485635,140.63513,4805
-34.856239,138.612959,4795
-38.049195,144.194625,4785
-27.467217,134.430044,4785
-30.874243,116.725982,4780
-38.157038,144.34652,4770
-26.156837,153.042307,4770
-38.407094,143.133721,4755
-33.79315,151.258069,4710
-37.821756,146.576101,4705
-16.789777,145.666474,4690
-34.711848,150.13033,4685
-33.769107,138.12018,4660
-31.605825,117.020194,4650
-43.291937,147.140014,4635
-34.702506,138.674449,4625
-35.566153,138.627975,4615
-41.177924,146.783947,4600
-33.866044,151.133865,4600
-38.316869,146.607101,4580
-36.70633,143.51213,4575
-23.642723,146.840497,4575
-41.264912,147.086396,4565
-20.271072,148.989038,4565
-33.012446,138.239719,4560
-34.021938,151.004412,4555
-28.546257,152.388341,4550
-26.771797,153.017962,4545
-37.025316,141.269571,4535
-37.823303,145.001788,4530
-31.735738,150.603274,4530
-36.575936,145.019312,4525
-32.73576,137.703073,4525
-37.784786,145.161649,4515
-26.279772,151.338904,4490
-37.743361,144.796693,4485
-34.055155,150.756493,4480
-42.947314,147.334695,4470
-36.570077,144.805307,4470
-34.343393,139.525937,4470
-34.739425,150.800637,4465
-34.303007,138.930335,4465
-33.530464,136.860876,4455
-32.785207,151.453148,4450
-31.835333,115.849098,4450
-38.47372,145.798419,4445
-28.037627,153.41692,4435
-32.97338,138.771209,4430
-25.350178,150.778657,4430
-38.162578,145.135961,4425
-32.723142,118.288784,4425
-31.971647,115.77639,4420
-30.748419,118.448501,4415
-37.546522,144.942199,4405
-37.610841,148.873952,4400
-25.639378,118.554936,4380
-27.33128,151.480666,4375
-35.020412,138.791651,4365
-37.286611,145.435776,4350
-34.18289,138.775266,4350
-38.60357,146.359804,4345
-27.473135,151.703647,4345
-33.089963,151.668857,4340
-37.571707,146.805175,4330
-32.008509,115.870058,4320
-28.36456,152.49765,4320
-28.008783,153.412197,4315
-19.53085,147.139821,4315
-27.348199,149.070172,4310
-25.266279,152.568678,4310
-33.682661,115.888662,4290
-36.780524,140.904543,4285
-26.35256,151.741338,4285
-31.583037,152.820899,4275
-30.427329,149.001543,4275
-26.627339,150.205114,4275
-33.578188,138.003325,4270
-28.709545,153.514963,4270
-35.510039,148.034012,4265
-31.193339,149.263874,4265
-25.557047,152.280868,4250
-37.896497,145.057237,4240
-34.86475,138.509247,4240
-33.564872,115.923933,4235
-32.269414,147.260419,4205
-37.573978,142.312764,4185
-34.272303,137.956861,4185
-30.27368,116.060619,4180
-29.871532,150.49786,4155
-21.188063,148.832763,4150
-35.450839,138.388132,4135
-36.740713,145.095753,4130
-26.505863,152.803089,4130
-33.990448,119.237195,4110
-26.655067,153.075373,4110
-33.539148,151.084146,4105
-36.777226,144.245239,4100
-19.323109,146.840325,4080
-38.224191,147.106181,4070
-38.026314,143.520934,4060
-37.814506,145.532666,4060
-37.420588,143.88637,4060
-36.224186,145.440315,4060
-32.642118,151.319414,4060
-32.584028,148.266655,4060
-20.867952,147.518462,4055
-38.043542,145.787991,4040
-37.210538,145.687889,4030
-37.74247,145.005702,4025
-23.790711,143.402522,4020
-38.685115,146.278804,4015
-35.387709,138.655684,4015
-17.741424,145.924432,4005
-33.340269,148.731814,3995
-33.409359,135.02078,3990
-31.484853,116.38064,3990
-34.884233,138.669275,3985
-33.885153,117.065276,3980
-26.700379,153.049784,3975
-19.143944,146.831766,3975
-12.533944,142.267938,3970
-36.055725,144.159028,3965
-34.808422,138.531567,3960
-34.669486,138.681702,3960
-36.61323,139.937126,3955
-33.783955,148.90873,3955
-37.263736,144.900644,3945
-34.027283,150.842258,3945
-33.832923,150.435639,3945
-20.777471,140.652531,3945
-37.763584,144.942222,3940
-33.858378,151.275977,3940
-33.85749,151.103751,3940
-33.60382,151.322759,3935
-35.257315,149.049796,3930
-34.766049,142.820973,3930
-32.951039,151.742882,3915
-38.016114,145.208504,3905
-35.491206,138.834806,3905
-31.842527,115.980754,3900
-35.225102,147.047366,3895
-35.004063,138.602387,3890
-16.839378,145.711531,3890
-17.33327,145.476659,3880
-35.332477,142.425302,3875
-32.708545,134.790236,3875
-33.462193,149.158755,3860
-20.710799,118.441716,3850
-27.022484,152.858311,3845
-21.43004,149.178072,3845
-36.321109,144.709543,3840
-36.051782,145.974755,3840
-34.176844,140.782026,3840
-19.372329,146.707586,3835
-34.919086,118.462801,3825
-27.248337,153.088498,3825
-28.660756,153.592843,3810
-33.974354,151.140345,3800
-37.86172,144.812736,3780
-38.42776,144.900413,3775
-11.33852,142.465399,3765
-31.266649,116.779032,3760
-36.586316,148.037958,3750
-41.600719,147.897402,3745
-33.839863,151.204557,3745
-35.487989,143.14445,3740
-33.663002,150.860258,3740
-33.832747,151.015196,3730
-38.263005,144.174411,3725
-27.676499,153.384655,3725
-23.66268,150.394906,3725
-38.389835,142.660221,3720
-36.142596,145.30827,3720
-27.563685,150.961981,3715
-27.612178,153.009526,3710
-34.761553,138.61884,3705
-34.841984,138.553453,3700
-27.568178,153.207096,3700
-37.867809,145.786343,3685
-37.083561,144.053611,3685
-34.771432,138.663871,3675
-35.035729,138.947189,3670
-34.806494,138.498128,3670
-33.797127,151.04218,3670
-33.731651,150.955942,3670
-38.207298,145.575,3660
-33.42537,151.436939,3655
-33.783751,150.900547,3650
-29.620234,150.787333,3645
-38.311513,143.584742,3635
-34.990592,150.450994,3635
-33.533055,150.317795,3630
-33.401829,138.165325,3625
-35.110123,138.50172,3610
-34.770931,143.387009,3605
-37.739901,144.964524,3595
-32.702065,116.128249,3595
-37.828866,145.122393,3590
-36.36819,144.206865,3590
-34.638218,138.897802,3590
-33.964102,150.997836,3590
-27.967134,153.397952,3590
-24.999569,150.213774,3585
-37.864951,145.221695,3560
-35.76294,145.434084,3560
-29.156771,153.303855,3560
-34.525612,150.503502,3550
-34.911674,142.206711,3540
-34.505411,150.766132,3540
-26.425754,152.909206,3530
-27.552135,152.975619,3520
-26.531487,152.964814,3520
-33.996587,151.132495,3515
-33.955393,151.148204,3515
-36.189376,140.788199,3510
-28.110523,146.990784,3510
-37.935097,145.350821,3505
-33.965473,139.140266,3505
-38.364034,143.82588,3500
-32.880319,151.73862,3500
-34.353109,139.240946,3470
-18.705507,127.320764,3470
-38.307545,144.299978,3465
-38.036038,141.963223,3450
-34.887511,138.559407,3450
-33.800881,151.202715,3450
-32.933305,151.651095,3440
-35.336413,149.147614,3430
-38.135009,145.384606,3425
-36.380853,145.403176,3415
-26.75002,149.381938,3410
-36.332254,145.960209,3405
-34.681077,138.616157,3405
-42.719274,147.315111,3400
-41.303174,146.072407,3400
-38.37884,142.482889,3400
-33.914832,151.239167,3400
-27.569679,115.72384,3400
-33.892738,150.92937,3395
-31.985791,115.804692,3395
-30.62816,152.737629,3380
-38.166213,146.772991,3375
-34.705292,139.084565,3375
-33.531714,138.604466,3375
-30.820157,125.672818,3375
-42.85132,147.449794,3370
-35.55097,140.732182,3370
-34.850669,140.114394,3370
-34.114626,151.027919,3370
-33.83319,116.972036,3370
-35.147923,138.552209,3365
-34.300293,150.9299,3365
-32.844998,146.085138,3340
-18.752827,125.282055,3335
-30.613981,117.440487,3320
-37.938889,145.007238,3315
-32.061682,115.833608,3310
-27.767029,153.27631,3310
-33.898505,148.664838,3305
-34.373654,150.886721,3300
-38.196908,145.169556,3295
-33.892944,151.087741,3295
-31.498123,143.270562,3285
-33.928235,118.596801,3275
-42.823649,147.630737,3260
-36.873961,141.051389,3250
-32.338504,115.763949,3250
-37.811738,145.074116,3245
-27.470778,153.074231,3230
-34.096397,117.717905,3225
-26.055099,152.221081,3225
-35.431011,149.110025,3220
-33.152294,135.740152,3220
-32.746224,152.193698,3220
-36.284584,145.082735,3215
-34.706106,116.141244,3215
-37.727566,145.818512,3210
-26.40373,149.206489,3210
-32.833204,135.02092,3205
-32.03954,115.800233,3205
-38.313447,145.811863,3195
-33.742006,150.84746,3195
-27.7283,151.859857,3195
-37.821921,147.970237,3190
-31.901801,115.942572,3190
-27.399335,153.05355,3190
-31.692538,115.772138,3185
-30.348514,115.640925,3185
-34.956227,138.58811,3180
-34.839937,138.882403,3180
-26.904889,114.627287,3180
-33.926559,151.014937,3175
-38.194379,145.989901,3160
-33.482123,151.331154,3150
-38.435217,145.812945,3145
-37.790974,144.98622,3145
-33.948744,151.119517,3145
-34.864409,138.581605,3140
-33.873599,151.221626,3140
-36.68753,147.17925,3130
-32.953236,151.621183,3130
-24.729644,152.088816,3130
-42.793393,147.230065,3125
-34.052334,116.166583,3125
-28.050522,151.841358,3125
-33.829953,151.124488,3120
-33.739577,151.297895,3120
-35.669947,139.275737,3115
-37.770012,144.97728,3110
-34.171024,115.233622,3110
-27.535216,153.26571,3110
-29.198493,151.141751,3105
-38.046479,145.122762,3095
-28.199024,152.234242,3095
-27.425651,153.232567,3085
-34.957399,138.545826,3070
-27.534438,153.018893,3065
-27.003199,117.674648,3065
-28.228906,150.321016,3060
-35.757569,146.324523,3055
-33.209125,151.528042,3055
-27.932207,153.279483,3050
-31.379673,115.568551,3045
-27.68195,149.709428,3045
-27.385605,153.019449,3045
-25.912724,121.214907,3040
-34.51494,137.811541,3035
-37.744406,145.082685,3030
-34.180532,142.004192,3030
-31.83489,115.803068,3030
-34.2583,136.154091,3020
-34.061253,137.862942,3020
-37.795937,144.793961,3010
-26.408596,153.096957,3010
-34.507413,138.560286,3005
-32.820688,151.486212,3005
-27.669913,153.136072,3005
-29.958521,147.983033,2995
-37.681105,144.930247,2990
-27.512175,153.028768,2990
-41.358817,147.357686,2985
-19.862878,147.416856,2980
-27.541838,114.379678,2975
-35.351693,149.092601,2965
-37.469784,145.182221,2960
-34.04948,147.712064,2960
-37.877452,143.185911,2955
-37.888549,142.98753,2945
-27.631116,145.892163,2940
-41.472435,147.157786,2930
-27.506907,152.976926,2930
-41.828496,147.781593,2910
-34.938664,138.946384,2905
-34.443966,139.007886,2905
-33.872483,151.044768,2905
-27.967005,153.365576,2905
-37.932419,144.754147,2900
-33.844406,116.072643,2900
-17.956336,138.862024,2900
-42.85913,147.212366,2895
-35.084001,138.519781,2895
-35.050773,137.56046,2890
-34.873844,138.703683,2890
-33.872014,150.88526,2885
-33.397741,138.893337,2885
-37.965655,145.0623,2880
-37.261481,143.379493,2880
-33.525322,151.194452,2880
-27.393676,152.92424,2875
-37.530285,143.82561,2870
-26.168944,125.733157,2870
-26.145002,152.012412,2860
-27.318074,153.047339,2855
-37.424116,144.33471,2850
-31.733717,115.747655,2850
-27.57925,153.057452,2850
-37.501619,144.513018,2845
-37.379331,147.887515,2845
-34.998401,138.703957,2845
-37.731138,144.936356,2835
-33.828361,151.192212,2835
-26.849388,152.91803,2830
-34.668553,138.507899,2825
-38.528213,145.379683,2820
-37.944608,145.156783,2820
-37.574691,140.462487,2820
-38.514438,146.836248,2815
-38.235475,141.437227,2815
-33.459192,145.479249,2815
-32.823221,144.495401,2810
-31.109943,138.641084,2805
-32.417598,152.002451,2795
-27.794456,152.03681,2790
-29.409325,150.222662,2785
-33.071806,150.118609,2770
-32.242313,138.468686,2770
-43.158652,147.209628,2760
-37.79119,144.923403,2760
-33.89037,151.17598,2760
-38.521903,143.712384,2755
-33.375562,148.375577,2755
-30.72155,115.718713,2755
-38.569135,145.534315,2750
-37.110344,145.07088,2750
-32.061501,115.890779,2750
-36.174271,146.428656,2745
-30.912266,116.252618,2745
-38.550379,145.937973,2735
-33.900649,151.175354,2735
-33.571335,149.267666,2735
-32.422646,118.351936,2735
-27.701681,152.967761,2735
-21.622237,149.267446,2735
-37.41233,144.956641,2730
-34.938858,138.558451,2730
-33.539564,148.633991,2730
-37.921894,145.3892,2720
-34.768863,145.807866,2720
-38.263811,144.523761,2715
-38.096289,145.867337,2715
-37.837165,144.705831,2715
-36.17028,142.766588,2715
-33.731523,150.931074,2700
-33.125751,138.319834,2695
-34.514149,137.508603,2690
-33.728782,151.211719,2690
-38.204448,145.356937,2680
-36.093878,145.479471,2680
-31.852698,115.765396,2680
-31.79583,115.754405,2680
-27.559944,152.871141,2680
-38.04658,145.472514,2675
-35.206107,138.727179,2665
-34.321288,140.556181,2665
-37.752643,143.373089,2660
-36.904185,142.647565,2660
-36.127663,149.792292,2660
-32.078535,116.008603,2660
-33.815482,151.294675,2655
-28.645485,148.753584,2655
-35.89718,145.428306,2645
-35.060163,142.850456,2635
-33.930089,151.057799,2635
-22.771751,149.719215,2625
-42.922863,147.319501,2615
-34.35558,150.709623,2615
-33.24358,146.40002,2615
-34.553306,141.388479,2610
-33.642202,151.278293,2610
-42.878355,147.308002,2605
-41.594913,146.815084,2605
-38.734636,146.066529,2605
-37.812017,147.764385,2605
-37.656057,144.571458,2605
-34.86303,138.541637,2600
-26.313995,152.876607,2600
-36.150678,146.919493,2595
-34.093038,138.243785,2595
-31.184717,117.381055,2595
-37.938471,145.487862,2590
-33.880049,151.101757,2585
-35.093257,138.881803,2580
-25.111289,115.011494,2575
-36.51553,144.638363,2565
-34.243279,142.100896,2565
-33.732671,150.62902,2565
-28.612449,118.157573,2565
-36.844307,147.299257,2560
-36.082665,145.688671,2560
-33.690331,151.040358,2560
-27.723837,153.102664,2555
-37.916956,145.036783,2550
-35.003794,138.535434,2550
-27.42687,153.029681,2550
-33.814463,151.006506,2545
-37.700175,145.108339,2540
-34.819614,138.707261,2535
-36.88053,147.826143,2530
-33.723693,151.16729,2530
-37.822725,145.030602,2520
-36.41273,141.017332,2520
-27.427508,153.000297,2520
-36.242443,145.957776,2515
-35.013711,144.206139,2515
-34.940362,138.633974,2515
-37.766292,144.960108,2510
-34.29774,138.659866,2500
-27.162277,153.393497,2500
-37.573711,144.308232,2495
-36.164865,144.297958,2495
-34.164709,142.225122,2495
-38.326447,145.007626,2490
-37.876968,145.170841,2490
-31.996371,115.757646,2490
-37.857443,145.034127,2480
-35.902842,139.815539,2470
-33.475994,115.674056,2470
-37.706578,144.927968,2465
-37.653945,143.883416,2465
-37.474551,144.69202,2465
-34.505797,148.360971,2465
-33.739084,140.753178,2460
-22.265028,113.954791,2455
-33.844153,150.875028,2440
-27.354711,153.040051,2440
-33.780246,151.195368,2435
-43.152512,147.70789,2430
-36.860723,149.894825,2430
-34.822615,138.735572,2430
-34.802736,138.581513,2430
-27.456031,153.06036,2430
-34.726229,138.666615,2425
-37.35388,144.750796,2420
-34.766452,138.832225,2420
-23.807115,150.965859,2415
-34.031602,150.799483,2410
-31.864113,115.843478,2405
-28.184241,153.526816,2405
-20.699288,117.067614,2400
-33.858335,150.983724,2385
-37.779677,143.51253,2380
-34.293827,115.142231,2380
-26.411731,153.047416,2380
-33.836102,151.149126,2370
-38.589302,146.126718,2365
-33.281233,117.783872,2365
-30.614263,116.829163,2365
-16.972341,145.383091,2365
-38.111002,144.33452,2360
-31.246581,116.537461,2360
-35.59601,139.935161,2355
-35.410206,149.111402,2355
-37.846534,144.95086,2345
-37.866786,145.350888,2340
-37.829752,145.049415,2335
-34.714515,147.896911,2335
-23.135744,150.381164,2330
-36.035908,147.667373,2325
-32.339759,140.027346,2325
-34.820685,138.6199,2320
-33.947286,151.014547,2320
-30.357168,153.08188,2320
-28.364992,149.267966,2320
-32.514294,115.959595,2315
-29.484556,153.334228,2315
-35.893394,144.641831,2310
-38.629561,145.745609,2305
-38.135253,145.268888,2305
-33.21045,134.673762,2305
-36.515712,146.603574,2300
-34.905461,138.49264,2300
-30.430931,136.746735,2295
-31.481223,118.289983,2290
-28.19076,153.415088,2290
-34.935734,138.544358,2285
-32.040061,115.825994,2285
-34.903259,138.56787,2280
-31.891957,115.786821,2280
-37.705529,144.571033,2275
-33.971605,116.155378,2275
-31.12327,117.945624,2275
-28.084952,153.434406,2275
-17.608772,145.959335,2275
-30.488998,118.13352,2270
-37.214147,139.917377,2260
-31.860591,116.310249,2260
-30.949795,120.898892,2260
-28.110164,153.318916,2260
-33.558726,136.103172,2250
-31.871671,115.811933,2250
-29.925739,149.690988,2250
-28.190899,143.224764,2250
-27.501349,153.096812,2250
-37.915066,144.996329,2245
-33.561858,151.168984,2245
-36.287306,145.260653,2235
-33.961366,151.03221,2235
-37.241527,145.90623,2230
-33.557893,150.72802,2230
-31.643227,115.74887,2230
-31.127571,117.735836,2225
-32.915604,147.603587,2220
-27.436088,153.061914,2220
-35.535739,146.977849,2215
-35.194211,138.477958,2215
-32.158361,115.790704,2215
-38.12413,146.596877,2210
-26.848329,151.964673,2210
-38.381582,145.697053,2205
-38.254454,142.630109,2205
-33.692534,150.587962,2205
-33.621176,115.615674,2205
-27.484254,153.009661,2205
-27.452067,153.008893,2205
-38.070135,145.565304,2200
-35.41891,149.063805,2200
-32.255249,148.110385,2200
-26.539914,149.590426,2200
-37.914728,147.727389,2195
-33.871341,150.671487,2195
-33.763843,150.871134,2195
-34.05494,151.120091,2190
-33.754582,151.153176,2190
-31.579991,117.679993,2190
-28.150224,153.489332,2185
-36.07096,143.241334,2180
-43.535913,146.356055,2175
-33.828949,151.223094,2175
-35.699906,147.07831,2155
-34.847707,138.477054,2155
-35.001213,138.516314,2150
-35.793776,137.72022,2145
-31.930574,115.871864,2145
-38.263052,144.40814,2140
-38.155186,143.648479,2135
-33.606021,136.437661,2135
-43.170598,147.822931,2130
-37.84411,145.017732,2130
-37.653917,144.923609,2130
-34.1931,142.154161,2130
-17.293532,129.662008,2120
-37.819594,145.248209,2115
-37.724141,144.699671,2115
-37.708784,145.416004,2115
-34.550897,138.83423,2115
-33.835018,151.070853,2115
-20.785813,115.407335,2115
-37.495349,147.866067,2110
-17.622583,146.078807,2110
-33.903521,151.184665,2105
-33.869017,118.112783,2100
-33.451323,121.732214,2100
-38.195017,145.093743,2095
-33.159023,147.772834,2095
-32.495421,117.763902,2095
-29.514304,115.597715,2095
-41.70457,146.988293,2090
-37.982186,142.853634,2085
-27.397055,153.074982,2085
-30.972846,115.424656,2075
-35.112119,138.565224,2070
-38.064252,145.634339,2060
-31.088119,151.246189,2060
-38.44818,145.591284,2050
-36.63511,144.576787,2050
-36.607616,144.041722,2050
-28.34099,153.560693,2050
-27.611129,153.087839,2050
-31.816059,115.899644,2045
-19.214466,141.243755,2045
-41.352322,146.412127,2040
-34.968051,138.548367,2040
-32.924571,151.743325,2040
-37.980868,141.789606,2030
-21.169015,148.952546,2030
-36.515303,144.28053,2025
-28.349373,152.305204,2020
-35.542622,144.230168,2015
-27.240638,152.993187,2015
-37.668408,145.107802,2010
-26.724017,145.397502,2010
-17.741867,141.185062,2010
-37.592101,145.192854,2000
-34.494723,150.873081,2000
-33.619756,151.150498,2000
-37.655945,142.527253,1995
-34.793414,138.724953,1990
-33.404462,149.969799,1985
-32.42656,115.760224,1985
-26.66324,152.965013,1980
-36.13191,141.940764,1975
-34.936926,138.570873,1975
-30.777381,148.984063,1975
-23.632816,148.891333,1975
-16.134853,123.753964,1975
-37.172964,143.280627,1970
-34.90073,138.51199,1970
-33.839275,147.308172,1965
-33.723263,151.108249,1965
-37.851305,145.101,1960
-29.611901,150.331619,1960
-26.691701,152.95452,1960
-38.126458,145.157574,1955
-36.148922,145.959015,1955
-34.854247,138.64344,1955
-34.821319,138.680226,1955
-38.693437,146.472132,1950
-36.699331,141.201068,1945
-33.905586,151.023171,1935
-33.810991,151.084181,1935
-32.619929,147.538565,1930
-35.010886,138.654942,1925
-34.466406,150.943899,1925
-35.00298,138.594176,1920
-33.319068,120.349013,1920
-33.650999,151.216929,1915
-29.441821,150.547545,1910
-33.872435,150.947496,1905
-28.101892,153.410392,1900
-25.990771,153.097862,1900
-37.839387,145.347505,1895
-37.831693,144.958176,1895
-21.054268,148.50081,1895
-38.355231,145.094502,1890
-37.751845,144.902556,1890
-37.882562,145.090149,1885
-36.03202,145.246572,1885
-38.716838,143.474392,1880
-37.73919,145.115208,1880
-28.845315,151.847374,1880
-28.571936,151.918897,1880
-27.590722,153.077926,1880
-26.978981,151.803967,1875
-42.958471,147.906152,1865
-33.880179,151.184458,1865
-41.784391,145.201632,1860
-35.45676,149.08972,1860
-34.957325,138.722419,1860
-34.954325,138.621477,1860
-38.268176,142.351658,1855
-36.206055,144.961183,1855
-33.871222,151.193055,1855
-31.126265,149.754627,1850
-36.414359,145.937326,1845
-34.965359,143.189786,1845
-31.956599,115.811432,1845
-33.959617,150.970931,1840
-30.140505,151.001122,1840
-43.209774,147.227479,1835
-34.622783,138.724059,1835
-33.912288,151.155539,1835
-29.8313,146.94474,1835
-37.774486,144.897221,1830
-38.210382,146.065656,1825
-34.963195,138.649183,1825
-28.833846,115.764797,1825
-27.583528,153.116151,1825
-26.004636,151.589811,1825
-37.945149,145.115271,1820
-34.230944,150.969679,1820
-41.333887,147.152757,1815
-37.743008,145.046401,1815
-33.400929,116.625294,1815
-37.942021,145.047802,1810
-34.948827,138.506052,1810
-33.610787,115.0768,1810
-31.95707,115.836896,1810
-31.169257,118.681242,1805
-36.180787,146.604622,1800
-43.029525,147.663981,1795
-37.777204,144.829945,1795
-33.831212,136.499961,1790
-33.031221,116.029777,1790
-32.265645,115.835972,1790
-29.427879,138.049515,1790
-37.91342,145.12665,1785
-34.906905,138.815277,1785
-31.938107,115.899589,1785
-37.807101,144.907953,1780
-32.024363,115.837525,1780
-37.796091,145.232557,1775
-31.985247,115.908576,1775
-24.632323,151.621961,1775
-33.867187,151.171915,1765
-32.923321,151.532669,1765
-29.545139,117.835179,1760
-26.987776,153.12414,1760
-37.774064,144.999745,1755
-31.94994,116.004245,1755
-36.038655,146.930436,1750
-34.218439,150.584634,1750
-33.996063,150.843761,1750
-32.901412,149.964131,1750
-37.806965,145.125084,1745
-34.176731,148.523704,1745
-27.320633,151.596963,1745
-27.655062,152.142704,1740
-37.917932,145.292895,1735
-31.327544,118.524208,1735
-37.881414,144.984034,1730
-33.951109,150.917444,1730
-37.701346,145.056223,1725
-35.007341,138.575023,1725
-33.857591,115.188682,1725
-41.616219,147.223173,1720
-35.231279,149.086682,1715
-27.851804,152.592399,1715
-43.062899,147.753782,1710
-37.881041,147.839367,1710
-32.286284,117.879836,1710
-27.545157,153.451696,1710
-17.352821,145.872166,1710
-31.826199,115.941108,1705
-31.643902,116.797476,1705
-27.568359,153.020197,1705
-27.500518,153.005045,1700
-38.147989,144.668477,1695
-35.030702,138.546572,1695
-33.930314,151.223936,1695
-16.993753,145.729193,1695
-32.038228,115.783732,1690
-37.793695,145.081714,1685
-33.9491,138.188988,1685
-35.196481,138.553437,1675
-34.061823,115.176529,1675
-31.48847,115.616105,1675
-37.858918,145.019393,1670
-35.037558,140.242147,1670
-30.027371,115.087155,1670
-17.447378,140.92883,1670
-33.748279,115.956731,1665
-31.651142,117.222062,1665
-35.096383,138.515652,1660
-27.36618,153.175242,1660
-36.479193,145.30098,1655
-37.061635,144.214903,1650
-37.925371,145.013593,1645
-37.705324,144.82246,1640
-33.891146,151.193858,1640
-33.702167,150.686816,1640
-32.180856,138.1056,1640
-31.687341,115.711684,1635
-26.23368,147.490282,1635
-35.31537,149.170023,1630
-30.925233,153.053789,1630
-27.931188,148.408512,1630
-35.149737,138.49632,1625
-38.352327,145.199777,1620
-35.333843,146.332431,1620
-34.285785,135.66453,1620
-37.642852,145.365993,1615
-34.788611,116.604043,1615
-25.377582,141.581266,1615
-37.856009,145.31784,1610
-35.492114,139.0336,1610
-33.973161,151.117453,1610
-38.396077,144.827203,1605
-34.921123,138.735107,1605
-33.858556,151.180095,1605
-33.813106,151.059845,1605
-32.909816,151.704581,1605
-27.433237,153.04354,1605
-34.824516,138.493796,1600
-38.437946,146.319351,1590
-38.209921,144.572989,1590
-32.445896,115.755289,1590
-35.166866,138.481211,1585
-34.129198,135.635831,1580
-33.68873,116.206928,1580
-33.245138,115.846788,1580
-31.903241,115.840879,1580
-37.619102,145.074353,1575
-36.839707,145.179762,1575
-33.94913,151.075304,1575
-42.988314,147.409324,1565
-30.627675,150.761923,1565
-37.264671,147.707962,1560
-33.81658,151.108447,1560
-33.813209,151.183801,1560
-33.775596,151.043518,1560
-32.917776,151.754696,1560
-32.296524,117.140629,1560
-27.869823,153.360694,1560
-19.510071,147.304401,1560
-40.758553,145.275421,1555
-36.725245,142.203729,1555
-34.879357,138.609927,1555
-33.898793,151.102087,1550
-22.133456,115.448968,1550
-33.776781,151.28494,1545
-38.037026,145.304198,1535
-37.819364,145.313346,1535
-37.700454,144.766873,1535
-35.366161,150.320507,1535
-27.552052,153.030643,1535
-37.803515,144.998203,1525
-37.494056,144.806632,1525
-36.404918,140.601672,1525
-36.231961,144.87573,1525
-33.725566,150.431839,1515
-33.878774,151.156819,1510
-27.49069,153.158727,1510
-27.484177,153.040982,1505
-37.966218,145.17877,1500
-33.656984,150.974528,1500
-38.315452,146.414358,1495
-22.810583,141.861769,1495
-21.605319,116.311985,1495
-38.271074,144.614191,1490
-37.819222,145.196686,1490
-40.505978,148.338962,1480
-33.78042,151.162007,1480
-29.967278,115.856422,1480
-34.896906,138.542493,1475
-33.735222,151.123716,1460
-34.517974,138.765349,1455
-36.430131,142.677858,1450
-34.886018,138.587083,1450
-27.468391,153.022126,1450
-36.461381,144.976813,1445
-31.842318,152.686583,1445
-24.49928,144.26853,1445
-24.146903,151.634285,1445
-38.084781,144.352385,1440
-33.119332,115.907354,1440
-31.296345,118.896267,1440
-37.861799,145.284418,1435
-36.358017,146.330564,1435
-35.610147,146.767477,1435
-34.177881,139.955939,1430
-34.01362,151.101891,1430
-27.077933,153.080799,1430
-33.903892,151.206316,1425
-33.357329,139.143828,1425
-27.479866,152.964146,1420
-37.847981,141.706379,1415
-37.804846,144.986906,1415
-33.691922,151.097508,1415
-28.619887,115.338356,1415
-38.20363,143.892824,1410
-27.681519,153.186817,1405
-26.649074,149.773144,1405
-37.835562,144.839704,1400
-33.707725,150.181517,1400
-32.601853,151.543017,1400
-37.938068,145.433024,1395
-27.475814,153.120634,1395
-36.722034,147.149468,1390
-34.04984,151.085005,1385
-26.176717,151.776012,1380
-42.104584,147.614307,1375
-35.041551,138.856429,1375
-21.221858,149.040703,1370
-37.811303,147.867533,1365
-28.127323,153.45837,1365
-43.171185,147.750593,1360
-38.465552,145.293632,1360
-33.920698,151.17074,1360
-42.916204,147.3368,1355
-42.906796,147.480017,1355
-38.245649,146.16397,1355
-37.869072,144.999026,1355
-37.825173,145.097236,1355
-34.711018,148.555243,1355
-33.846098,151.086036,1355
-38.415199,145.050587,1350
-16.09862,123.610523,1350
-31.568218,138.70506,1340
-37.880748,145.128118,1335
-33.755499,151.064176,1335
-34.037692,151.101564,1330
-41.397239,147.130185,1325
-37.902805,145.089719,1325
-32.005644,115.904425,1325
-34.977122,138.516973,1320
-32.931589,151.740716,1320
-42.975502,147.298181,1315
-37.840679,144.991264,1315
-36.335898,147.35527,1315
-27.629474,153.142035,1315
-43.138712,148.006561,1310
-37.66607,145.002679,1310
-31.950074,117.815142,1310
-34.009345,151.063808,1305
-35.727789,141.930872,1300
-31.965498,115.977633,1300
-26.731692,152.965037,1300
-33.810388,150.850764,1295
-30.595044,150.17806,1295
-38.660637,143.177116,1290
-37.922369,145.059426,1290
-37.807135,144.861162,1290
-33.034213,137.525354,1290
-28.150726,116.689412,1290
-23.515643,144.616977,1290
-34.486406,142.348315,1285
-31.801707,115.799832,1285
-35.718823,139.743422,1280
-34.86668,147.014242,1280
-27.405747,153.105247,1280
-27.343884,151.887919,1280
-37.893263,145.246731,1275
-33.910105,151.194825,1275
-30.650914,116.425241,1275
-41.915923,147.410747,1270
-29.107426,115.946714,1270
-37.757895,148.116641,1265
-33.838021,151.216869,1265
-34.486238,117.62552,1260
-34.773234,138.738733,1255
-33.650554,121.798896,1255
-35.162259,147.463477,1250
-20.889915,148.737792,1250
-35.520797,138.668775,1245
-34.256363,138.772345,1245
-37.81805,145.149653,1240
-37.595015,144.856082,1240
-36.686814,146.313751,1240
-34.855449,138.815964,1240
-30.973619,151.095609,1240
-28.392183,153.541853,1240
-27.558858,153.154177,1240
-23.832434,151.121567,1240
-37.707326,144.967874,1235
-38.087758,143.88056,1230
-35.335821,149.093455,1230
-34.796682,138.674657,1230
-33.322813,115.868603,1230
-37.897137,145.222634,1225
-36.844091,145.357627,1225
-29.340545,116.702611,1225
-42.646044,147.451363,1220
-41.308785,147.702655,1215
-37.867864,145.092946,1215
-37.786971,144.96724,1215
-31.141763,115.424522,1215
-27.057139,135.062571,1215
-37.70789,141.549163,1210
-34.861332,138.675254,1210
-33.213883,148.684862,1210
-41.117415,146.83066,1205
-38.38752,145.19304,1205
-32.987279,151.651275,1205
-32.88219,137.946255,1205
-36.357399,146.842075,1200
-34.061753,151.064329,1190
-33.945635,151.241292,1190
-26.844909,144.975368,1190
-36.182336,144.511713,1185
-36.132613,147.49344,1185
-35.020077,138.756728,1185
-34.897167,138.864359,1185
-32.047498,150.187517,1185
-38.483041,145.466781,1180
-30.779803,137.197175,1180
-33.728545,150.484549,1175
-34.784447,138.609874,1170
-34.599488,148.255601,1170
-31.982199,115.869482,1170
-31.960364,115.913458,1170
-37.985059,145.067356,1165
-37.980059,145.325994,1165
-33.949431,138.773663,1165
-31.155223,150.54907,1165
-27.644688,153.08304,1165
-36.942586,140.246064,1160
-35.369991,149.094831,1160
-27.960815,153.183429,1160
-37.731464,144.904815,1155
-36.343395,140.919727,1155
-34.074239,150.919554,1155
-31.935675,115.834335,1155
-38.217991,145.227373,1150
-35.003888,138.618684,1150
-31.95388,115.963293,1150
-20.971499,117.740969,1150
-42.890148,147.328928,1145
-42.83903,147.360174,1145
-37.772675,145.048573,1145
-37.075364,144.387629,1145
-30.429334,116.826594,1145
-27.611502,153.109769,1145
-37.891841,145.002571,1140
-35.218737,149.132505,1140
-33.884685,151.25591,1140
-41.472098,146.944728,1135
-33.602167,150.991055,1135
-36.388628,142.093883,1130
-33.884119,151.212262,1130
-17.025592,145.730423,1130
-42.706031,145.537671,1125
-33.333187,151.3433,1125
-32.017663,115.967142,1125
-27.81609,153.048563,1125
-37.624929,145.288073,1120
-27.730432,153.04108,1120
-38.647562,146.507929,1115
-37.817403,144.956776,1115
-34.823114,139.191868,1115
-34.44817,147.815806,1115
-28.900034,121.092655,1115
-27.464676,152.999039,1115
-36.050686,145.329026,1110
-32.931635,151.778021,1110
-33.766075,150.935836,1105
-31.90733,115.769183,1105
-30.214559,117.144456,1105
-27.652403,153.174214,1105
-27.128401,152.936289,1105
-33.851868,151.026756,1100
-27.643845,153.022499,1100
-37.960778,142.478612,1095
-34.804991,147.193088,1090
-36.266642,144.257135,1085
-33.169137,138.482155,1085
-31.125288,117.204349,1085
-33.634941,149.164475,1080
-29.774917,115.180736,1080
-33.448521,135.581933,1075
-37.784683,144.854014,1070
-41.600123,147.046481,1065
-37.521863,145.353378,1065
-34.795292,138.758111,1065
-27.419484,153.059749,1065
-35.500615,138.710195,1060
-30.859977,117.071157,1060
-34.461249,138.685512,1055
-34.051274,150.793614,1055
-33.707117,151.27114,1045
-27.383801,149.525379,1045
-20.720423,148.622011,1045
-38.025018,145.349488,1040
-34.919985,138.630575,1040
-32.750429,115.859383,1040
-31.908357,115.814562,1040
-28.182084,153.37739,1040
-38.630568,146.436583,1030
-35.918885,142.441984,1030
-35.330382,149.125739,1030
-34.372016,117.096189,1030
-33.992159,151.10599,1030
-27.673806,153.027323,1030
-37.814183,144.888686,1025
-34.029927,151.193492,1025
-33.78709,151.012511,1020
-27.91583,145.083656,1020
-27.180602,133.420868,1020
-34.924843,138.788705,1015
-31.834469,115.774028,1015
-29.740667,115.839422,1015
-22.515013,149.235514,1015
-42.842607,147.289682,1010
-35.202209,143.394092,1010
-34.574113,142.87381,1010
-31.140717,117.083327,1010
-36.423823,145.178369,1005
-33.82252,150.781767,1005
-28.271718,153.472644,1005
-27.211886,153.046414,1005
-27.005542,152.957238,1005
-38.367874,144.768301,1000
-34.779057,138.49958,1000
-33.894912,151.206211,995
-32.133322,152.33084,995
-30.770199,139.076342,995
-28.901048,150.742604,995
-26.731753,151.083543,995
-37.857116,145.057833,990
-36.623748,145.852449,990
-33.822837,151.21246,990
-33.13467,138.985832,985
-32.668322,117.129227,985
-42.965741,147.47851,980
-41.499942,147.209446,980
-36.092132,142.446015,980
-33.658174,151.143563,980
-31.921222,115.831181,980
-38.305806,145.136622,975
-34.891863,138.760552,975
-34.00333,136.301759,975
-33.605124,148.952525,975
-33.091309,135.249834,975
-33.7237,150.45933,960
-32.005554,115.520516,960
-31.584172,149.440922,960
-36.950365,144.281488,955
-37.802608,144.977795,950
-28.463902,151.744738,950
-37.0666,142.771159,945
-30.446675,116.070173,945
-38.180923,142.409105,940
-38.002518,145.42327,940
-37.924431,145.241589,940
-37.87179,144.04476,940
-37.424288,143.143621,940
-35.586342,145.52068,940
-34.976263,138.570739,940
-33.689941,151.290953,940
-33.64991,148.420031,940
-33.18208,115.903221,940
-32.407414,115.757908,940
-31.526755,118.167797,940
-37.892139,145.023394,935
-35.754185,145.872814,935
-33.252592,138.961232,935
-42.861932,147.293268,930
-37.981249,142.660643,930
-37.050037,144.747197,930
-30.561306,117.153374,930
-27.652812,153.110764,930
-38.039958,144.422666,925
-36.658804,141.366071,925
-36.135717,146.864361,925
-34.798549,138.644685,925
-33.666855,150.553111,925
-30.266489,116.750631,925
-28.904615,151.948363,925
-37.797042,147.814894,920
-33.88871,151.240508,920
-41.366416,146.996977,910
-22.427636,144.622118,910
-37.3209,145.839057,905
-34.963083,138.527412,905
-33.660707,151.314599,905
-37.593554,145.112985,900
-34.829603,138.638946,900
-33.998362,150.894916,900
-33.724898,151.043941,900
-24.936614,143.103133,900
-36.865206,148.701564,895
-33.90441,151.138999,895
-27.324371,150.444304,890
-37.845116,145.270141,885
-37.803569,144.966112,885
-34.857324,138.75703,885
-33.729916,150.407048,885
-38.048316,145.371635,880
-37.898544,147.680121,880
-37.779876,145.282396,880
-34.805141,138.966075,880
-28.61221,147.830117,880
-37.956585,145.013472,875
-35.204199,141.385876,875
-30.940448,116.396621,875
-37.78391,145.322794,870
-35.700788,143.406398,870
-33.929096,151.252171,870
-32.068768,115.759022,870
-31.920863,115.914851,870
-30.960681,119.078912,870
-37.666265,144.956763,865
-38.409363,144.176397,860
-37.252718,143.815613,860
-33.887602,151.124008,860
-32.931265,151.752466,860
-37.752123,145.204689,855
-34.332109,150.904835,855
-33.626627,149.08632,855
-31.956931,115.874601,855
-32.879469,151.80174,850
-30.864342,150.875031,850
-27.186624,152.932083,850
-35.026307,138.601272,845
-36.587922,146.75397,840
-27.510035,153.131429,840
-23.303751,117.47663,840
-22.055582,120.282267,840
-38.103194,145.137811,835
-37.162862,140.321798,835
-36.985747,145.739419,835
-35.237265,138.478943,835
-33.910308,151.12086,835
-33.896401,151.245049,835
-36.070928,147.942058,830
-31.605391,117.471029,830
-37.144067,145.54096,825
-34.72213,138.565037,825
-33.725619,150.89547,825
-27.629394,152.858086,825
-41.788619,147.317089,820
-35.389263,149.049785,820
-38.448155,145.723537,815
-38.383367,144.873115,815
-37.824608,144.950858,815
-35.7157,142.329159,815
-33.977497,150.856709,815
-38.673841,145.987059,810
-37.667713,145.150369,810
-33.798378,151.17711,810
-33.773937,116.03654,810
-33.223445,121.682321,810
-38.345527,144.739101,805
-37.885138,145.316734,805
-34.857497,138.558318,805
-35.931669,144.262942,800
-34.569464,145.937532,800
-31.817926,152.595335,800
-21.461934,115.001086,800
-37.993258,146.013136,795
-31.886322,115.89088,795
-26.33317,147.921117,795
-36.597861,142.693946,790
-33.980264,151.071837,790
-27.669244,153.24333,790
-37.943586,144.498479,785
-33.757296,151.130278,785
-31.168259,117.660055,785
-29.757915,148.837106,785
-33.895705,151.227236,780
-27.445107,152.985176,780
-31.907828,116.132045,775
-37.85523,145.151119,770
-37.758335,145.142675,770
-37.596078,145.005578,770
-35.579513,140.32532,770
-30.775229,151.154222,770
-37.810871,144.949592,765
-33.782501,150.996388,765
-29.985367,151.265077,765
-34.092233,138.620883,760
-34.090426,142.065808,760
-37.727529,144.866305,755
-34.285345,140.51443,755
-27.56237,152.588235,755
-23.657893,150.643168,755
-38.043995,145.264296,750
-31.17375,150.729574,745
-26.671589,153.101997,745
-38.411964,143.924288,740
-33.811042,150.72319,740
-24.784155,145.141177,740
-37.761235,144.86194,735
-33.882419,151.113385,735
-33.862021,117.651128,735
-36.405771,143.810786,730
-35.24588,145.627125,730
-33.768837,150.626788,730
-32.915791,151.767408,730
-31.992082,115.945564,730
-37.923345,145.087614,725
-37.832179,144.918044,725
-31.161423,116.104431,725
-27.013381,150.812644,725
-35.124824,138.500365,720
-31.971725,115.896029,720
-30.871011,121.541783,720
-29.131193,150.307886,720
-33.896378,138.43015,715
-33.095552,151.412119,715
-22.580866,149.675382,715
-37.74107,144.857638,710
-35.233606,139.511686,705
-33.964713,151.084774,705
-37.766184,144.922995,700
-31.915463,115.883976,695
-35.017416,138.520459,685
-32.88365,151.688102,685
-32.544993,134.650428,685
-33.926056,151.122881,680
-37.920945,145.167859,675
-37.817798,145.174489,675
-37.351704,144.144216,675
-35.701439,143.152747,675
-33.338057,115.776497,675
-27.506409,153.243312,675
-20.354067,148.958824,675
-34.187027,140.454506,670
-34.064708,139.786627,670
-33.75185,151.229211,670
-40.801511,147.630044,660
-36.37708,145.125014,660
-34.193052,150.559186,660
-32.9894,117.7572,660
-27.681063,153.084397,660
-34.329424,143.491656,655
-34.312427,138.517968,655
-37.307042,140.838441,650
-37.298061,141.948371,650
-33.891041,151.268968,650
-31.690852,149.051954,650
-26.686321,153.113416,650
-25.891004,152.928987,650
-37.670851,145.185826,645
-37.017241,145.850304,645
-29.035918,150.435032,645
-42.898778,147.433337,640
-33.666637,151.112681,640
-32.892884,151.697356,640
-37.184831,144.374338,635
-35.290568,138.470002,635
-41.08106,147.823431,630
-36.062544,144.46276,625
-35.824259,143.232677,625
-33.015031,138.746595,625
-31.290084,118.22061,625
-42.730285,147.631695,620
-35.608279,148.091211,620
-34.810928,138.776976,620
-33.942677,138.722876,620
-33.895055,138.031867,620
-32.023679,118.806453,620
-37.563905,145.142035,615
-35.235708,143.493525,615
-33.901925,151.053858,615
-35.639761,144.094672,610
-27.458767,153.103331,610
-32.80966,118.724162,605
-31.949349,116.28143,605
-30.22554,115.20926,605
-28.941714,144.560358,605
-38.298267,146.708775,600
-37.910077,145.324468,600
-28.508802,150.646259,600
-37.971763,145.255599,595
-34.968504,138.769031,595
-33.966692,151.101764,595
-33.887203,150.979458,595
-32.366157,142.666608,595
-38.069094,145.406887,590
-37.5878,144.123664,590
-35.033769,138.620405,590
-33.936534,150.585995,590
-33.791357,151.092072,585
-32.039897,116.013165,585
-34.939245,138.710203,580
-32.853807,115.896715,580
-42.950412,147.512182,575
-37.978698,145.031561,575
-37.827203,145.075748,575
-37.539267,145.784751,575
-32.728461,151.385451,575
-23.711361,150.81952,575
-43.008052,147.309302,570
-35.124126,138.473209,570
-33.937551,151.147956,570
-37.878188,145.332431,565
-37.918437,143.758576,560
-37.563775,149.909868,560
-35.386025,138.505922,560
-33.976987,149.02317,560
-37.712474,145.005955,555
-36.304285,147.123674,555
-33.9233,151.202697,555
-30.730158,116.762957,555
-42.807682,147.743285,550
-38.354321,144.931834,550
-37.848036,145.377128,550
-34.911523,138.584497,550
-34.251101,140.28104,550
-34.26948,117.398532,545
-27.862349,153.135566,545
-41.044472,145.804533,540
-38.232443,142.884394,540
-38.261168,145.096992,535
-37.643461,144.707974,535
-36.119195,146.717193,535
-34.983539,148.390372,535
-34.965178,143.375822,535
-28.893724,148.847796,535
-37.770977,148.426851,530
-34.196004,150.708875,530
-31.924969,149.319295,530
-23.059653,148.429161,530
-42.78011,147.488282,525
-37.354647,145.052552,525
-31.601076,117.979823,525
-30.07897,148.924417,525
-25.60309,139.323274,525
-37.413302,144.752095,520
-35.005492,138.553853,520
-33.835883,150.976594,520
-34.867318,138.481639,515
-34.48494,150.840792,515
-32.930221,151.706545,515
-31.895542,118.1626,515
-31.310791,116.042298,510
-37.639887,144.879626,505
-35.191375,140.685318,505
-33.881009,151.084759,505
-27.390823,153.234041,505
-37.836663,145.430311,500
-33.830687,151.243351,500
-33.47611,138.424322,500
-35.744959,137.236746,495
-27.277628,152.946201,495
-27.181203,153.013716,495
-38.01378,145.726311,490
-35.39199,141.121226,490
-38.207476,145.922212,485
-36.00978,145.486015,485
-30.568116,115.250201,485
-27.487689,153.1998,485
-38.383368,145.153269,480
-36.256251,144.515589,480
-28.415979,149.824698,480
-28.06794,153.40282,475
-37.448455,144.792581,470
-27.502289,153.209624,470
-34.78436,148.326675,465
-33.700603,150.880097,465
-38.009435,145.265524,460
-32.328863,115.833257,460
-31.126499,117.249295,460
-27.604588,152.840187,460
-23.68492,148.187851,460
-20.053296,148.887166,460
-37.105993,143.412675,455
-33.897219,151.15085,455
-36.226015,141.101929,450
-34.945146,138.530183,450
-34.366816,138.768325,450
-33.892783,151.135883,450
-27.470078,153.045194,450
-37.829923,144.774986,445
-37.673182,144.888492,445
-35.035673,137.310027,440
-42.093728,145.529693,435
-33.291834,115.847234,435
-31.817666,116.428564,435
-32.873614,137.075487,430
-32.142001,118.020545,430
-31.938454,115.764683,430
-27.533407,153.226864,430
-35.711533,142.671962,425
-37.838242,144.880556,420
-36.927251,145.298203,420
-34.86628,138.492908,420
-34.437229,150.818904,420
-33.942632,151.098002,420
-31.384119,118.564405,420
-27.508707,153.044217,420
-36.812087,146.316338,415
-27.552137,153.004615,415
-26.248504,143.274156,415
-42.994715,147.285203,410
-42.715494,145.925302,410
-34.729742,143.143231,410
-33.901198,150.998155,410
-32.905633,151.722243,410
-33.567546,138.210043,405
-33.404961,150.04201,405
-27.462504,152.975992,405
-37.592283,143.82846,400
-28.46368,115.755437,400
-27.495458,153.0328,400
-38.289636,143.52228,395
-37.632986,144.932557,395
-35.202752,143.351682,395
-31.948762,115.859912,395
-21.042567,149.152281,395
-38.2783,145.031598,390
-35.616408,142.943814,385
-36.128029,143.917515,380
-34.945777,138.735962,380
-33.868972,151.250494,380
-33.387234,138.410287,380
-33.021612,137.512634,380
-27.623975,153.263801,380
-37.202634,146.253268,375
-29.130197,153.43269,375
-35.330569,138.47117,370
-34.769363,117.785337,370
-31.746189,116.473434,370
-29.412622,153.243897,370
-28.111748,153.434197,370
-35.628333,143.78521,365
-26.812085,152.971346,365
-38.202905,144.462401,360
-34.789625,137.748829,360
-34.121499,147.405434,360
-34.876988,138.637707,355
-29.391492,148.378523,355
-41.293081,146.972023,350
-33.704416,150.366015,350
-43.338435,147.040135,345
-35.023252,138.73592,345
-31.955552,117.666205,345
-21.712224,122.224801,345
-42.884195,147.976495,340
-35.378159,149.194535,340
-36.788479,146.95979,335
-34.912384,138.529573,335
-31.866822,115.937824,335
-35.402705,149.081776,330
-33.969454,138.652781,330
-33.086545,151.591728,330
-30.775956,117.93876,330
-27.633988,153.050793,330
-37.772477,145.084806,325
-34.446813,138.897955,325
-34.960813,138.740223,320
-37.844246,144.970161,315
-37.711787,145.082426,315
-36.021295,145.047253,315
-35.120596,142.035659,315
-27.153669,152.976886,315
-24.483472,150.806049,315
-37.941939,143.375414,310
-34.240296,140.551874,310
-30.764934,117.679166,310
-35.905463,145.976131,305
-33.89418,151.16564,305
-17.535676,145.633789,305
-38.419488,145.367079,300
-37.457528,144.602032,300
-33.941443,150.981592,300
-33.352103,115.707383,300
-31.254414,115.508625,300
-36.731686,146.834561,295
-33.917601,151.101777,295
-34.858542,117.593417,290
-26.902425,152.986033,290
-37.179453,144.743358,280
-35.941228,149.168553,280
-34.847141,138.673783,280
-34.102735,150.749847,280
-33.664921,151.290921,280
-31.896593,116.20454,280
-38.138728,144.330986,270
-35.030185,138.656697,270
-34.147379,150.718007,270
-27.408542,153.030695,270
-23.154069,119.714082,270
-38.059868,142.31953,265
-37.759154,145.363185,265
-33.972167,150.890441,265
-33.853924,151.165735,265
-33.766093,151.210531,265
-33.761834,151.171738,265
-28.168787,153.517333,255
-37.724398,145.06988,250
-38.364689,146.359836,245
-37.839841,140.764545,245
-34.94231,137.734592,245
-34.295634,150.575238,245
-33.05792,117.243277,245
-26.663912,148.293883,245
-27.68492,119.409802,240
-38.262273,145.166426,235
-37.89424,145.405388,235
-37.893196,142.227754,235
-27.584561,152.921067,235
-37.019811,143.841414,230
-32.981696,121.638735,230
-34.829433,139.051698,225
-26.851248,151.426657,225
-38.05354,145.231114,220
-33.91139,151.218435,220
-37.743155,142.013356,215
-32.031182,118.097777,215
-30.850566,119.540903,215
-22.497884,148.259592,210
-43.091051,146.970489,205
-34.851049,138.724487,205
-33.673948,138.633474,205
-42.291313,145.807453,200
-33.924525,151.076939,200
-37.848786,145.192303,195
-37.818517,144.982207,195
-37.778298,145.025853,195
-37.476474,144.959512,195
-33.731105,151.07359,195
-37.873733,145.019929,190
-34.411973,117.491623,190
-32.842201,138.357347,190
-37.854683,144.995504,185
-37.794054,145.186334,185
-37.637478,145.136688,185
-37.468159,141.229722,185
-36.018771,146.415927,185
-33.774145,151.079919,185
-31.585614,115.663878,185
-38.290637,146.175271,180
-34.658726,137.704719,180
-33.972859,148.432316,180
-27.314022,153.008731,180
-41.530631,147.013597,175
-38.373694,145.01994,175
-37.814771,145.346621,175
-32.993286,151.682517,175
-37.983701,143.908716,170
-34.572329,148.498501,170
-33.73238,151.000948,170
-31.889087,116.100432,170
-31.726613,116.538966,170
-29.445997,147.966635,170
-37.684684,145.006644,165
-34.349362,150.891169,165
-28.516957,151.875003,165
-26.290166,150.143323,165
-32.015976,115.763404,160
-24.367525,147.710806,160
-37.528792,142.985403,155
-36.641016,146.864194,155
-31.398146,119.143202,155
-37.643598,145.022137,150
-37.91624,144.64209,145
-37.875066,144.777165,145
-37.537492,145.623011,145
-27.500807,153.058605,145
-27.356025,152.979085,145
-35.373243,136.859338,140
-34.794834,140.367313,140
-31.297561,116.184272,140
-26.827837,150.807058,140
-26.509225,148.190376,140
-34.934914,138.768586,135
-33.946923,151.207285,135
-33.804669,138.796125,135
-27.515758,153.011535,135
-26.600192,147.026276,135
-34.843346,138.704628,130
-34.709347,138.62532,130
-26.598388,149.960268,130
-37.695254,145.224204,125
-36.666391,142.876262,125
-35.155031,141.680385,125
-37.41047,145.682161,120
-35.117696,137.825935,120
-32.62616,117.690219,120
-32.035224,115.750311,120
-31.070282,116.110277,120
-22.449259,147.17431,120
-38.346704,143.740326,115
-38.321871,144.692708,115
-38.018664,144.043058,115
-35.129137,143.426745,115
-37.736734,145.267586,110
-35.431026,143.637617,110
-42.536377,147.383495,105
-38.270398,142.119266,105
-37.874533,145.429715,100
-36.554936,145.977761,100
-31.085084,116.452845,100
-26.07176,149.782504,100
-25.444837,147.059769,100
-41.902129,145.500566,95
-37.691916,144.888368,95
-35.945748,144.383334,95
-32.42539,119.311209,95
-31.929036,116.079266,95
-38.230038,145.049503,90
-34.435921,138.798551,90
-33.906803,151.085513,90
-22.851944,148.850932,90
-33.881624,151.170165,85
-29.962626,116.523551,85
-38.309048,145.689142,75
-32.06089,115.953584,75
-38.564014,143.448102,70
-37.975981,145.13465,70
-31.748338,118.718262,70
-38.455399,145.501279,65
-38.018616,146.694894,65
-35.135588,149.043278,65
-34.89528,138.683151,65
-34.420483,135.61222,60
-33.883189,151.19665,60
-33.848785,151.212372,60
-30.410873,116.424426,60
-33.535559,118.79925,55
-36.410186,144.965763,50
-32.483917,118.671921,50
-31.541813,115.945497,50
-28.500406,135.088086,50
-27.549179,152.951385,50
-21.126329,148.609682,50
-32.8863,138.12371,45
-26.208628,145.958063,45
-37.865322,144.979478,40
-31.902072,117.747301,40
-31.84269,115.896508,40
-33.789374,150.959508,35
-25.666985,144.495283,35
-37.788996,144.948903,30
-37.591069,144.811494,30
-30.499936,136.05216,30
-21.771226,143.503025,30
-37.765225,145.110677,20
-37.56762,144.728973,20
-33.796636,151.241813,20
-32.054065,115.754545,20
-27.409817,152.956014,20
-27.341128,152.936519,20
-33.881306,120.145773,15
-27.399839,153.14232,15
-42.753098,147.837675,10
-33.814368,151.036941,5
-43.053156,147.47988,0
-43.033826,147.944957,0
-43.027742,147.848028,0
-42.833718,147.174382,0
-42.818606,147.828594,0
-42.730264,147.439671,0
-42.431887,147.365372,0
-41.12694,147.567819,0
-38.602117,142.870164,0
-38.544977,143.970167,0
-38.466647,143.06073,0
-38.460965,144.976673,0
-38.407828,144.975131,0
-38.339871,145.155546,0
-38.156369,145.198328,0
-38.092874,145.177905,0
-38.072748,145.134111,0
-38.063907,146.672206,0
-38.038873,141.051987,0
-38.021333,143.743305,0
-37.990985,145.237462,0
-37.951394,145.038147,0
-37.947379,145.596576,0
-37.944446,144.097178,0
-37.896917,145.379622,0
-37.863743,144.888461,0
-37.82644,141.511007,0
-37.817818,145.384955,0
-37.807397,145.036575,0
-37.8006,144.943559,0
-37.796743,147.455946,0
-37.793805,145.05219,0
-37.786977,145.384922,0
-37.786429,145.125797,0
-37.759426,145.007006,0
-37.737629,145.313086,0
-37.719759,145.124727,0
-37.713299,145.158579,0
-37.650385,145.247277,0
-37.585625,145.292381,0
-37.413377,144.546151,0
-37.399224,144.603892,0
-37.354143,144.936707,0
-37.166673,141.451647,0
-37.157744,144.322487,0
-37.090071,144.912693,0
-36.910878,145.158863,0
-36.729444,144.062915,0
-36.583744,142.487468,0
-36.31396,146.51767,0
-36.307936,145.46296,0
-35.936556,146.617535,0
-35.509635,143.66458,0
-35.435634,142.427118,0
-35.228436,143.441248,0
-35.138155,143.346028,0
-35.137389,138.475092,0
-35.096798,139.690888,0
-34.998416,138.819125,0
-34.974283,138.723897,0
-34.96322,138.828161,0
-34.83977,138.657974,0
-34.715579,150.293226,0
-34.641267,138.636537,0
-34.610739,140.515131,0
-34.607943,146.370827,0
-34.543671,116.955359,0
-34.250013,140.397201,0
-34.238385,142.172516,0
-34.237139,137.812526,0
-34.214119,140.319351,0
-34.116715,146.14674,0
-34.036494,148.562165,0
-33.936179,151.176775,0
-33.921018,151.089663,0
-33.908788,150.986277,0
-33.904414,151.259392,0
-33.885382,151.021934,0
-33.88349,151.004128,0
-33.878413,151.240965,0
-33.795227,151.273242,0
-33.752645,151.031807,0
-33.722885,115.023916,0
-33.679336,151.302825,0
-33.554839,150.692086,0
-33.549593,115.966143,0
-33.513647,118.215173,0
-33.121892,119.713036,0
-33.0633,116.773204,0
-32.967987,135.229267,0
-32.946154,115.903112,0
-32.919792,118.004212,0
-32.909135,151.750126,0
-32.546383,138.207041,0
-32.421669,115.814323,0
-32.306267,151.888327,0
-32.19598,115.799431,0
-32.189465,118.339949,0
-31.985241,116.006688,0
-31.851998,115.80924,0
-31.82434,149.727798,0
-31.771446,116.313391,0
-31.609115,115.711357,0
-31.550535,117.905311,0
-31.34664,150.611053,0
-31.318648,121.997641,0
-30.719092,117.100375,0
-30.466429,117.287007,0
-29.888797,116.551869,0
-29.76691,116.434223,0
-29.741061,149.795738,0
-29.602251,124.856838,0
-28.894651,149.647249,0
-28.743816,151.839611,0
-28.707837,150.185847,0
-28.143515,149.606552,0
-27.91838,153.201472,0
-27.687389,153.156289,0
-27.68439,120.529798,0
-27.5181,153.156446,0
-27.4855,151.856298,0
-27.450089,153.129424,0
-27.258572,145.655744,0
-27.220098,153.07529,0
-27.214362,153.106378,0
-26.951082,152.987647,0
-23.610575,145.363533,0
-22.536444,145.486391,0
-22.026615,124.383893,0
-21.930567,149.395052,0
-21.453727,147.906986,0
-20.676313,116.709548,0
-19.543752,138.350723,0
-17.748858,146.059181,0
